Region,District,Village
Tigray,Adwa,DebreGenet
Tigray,Adwa,DebreGenet
Tigray,Adwa,DebreGenet
Tigray,Adwa,DebreGenet
Tigray,Adwa,DebreGenet
Tigray,SaesiTsaedaemba,Hadnet
Tigray,SaesiTsaedaemba,Hadnet
Tigray,SaesiTsaedaemba,Hadnet
Tigray,SaesiTsaedaemba,Hadnet
Tigray,SaesiTsaedaemba,Hadnet
Tigray,Kilte Awlaelo,Aynalem
Tigray,Kilte Awlaelo,Aynalem
Tigray,Kilte Awlaelo,Aynalem
Tigray,Kilte Awlaelo,Aynalem
Tigray,Kilte Awlaelo,Aynalem
Tigray,Adwa,Bethans
Tigray,Adwa,Bethans
Tigray,Adwa,Bethans
Tigray,Adwa,Bethans
Tigray,Adwa,Bethans
Tigray,Atsbi,BarkaAdiswha
Tigray,Atsbi,BarkaAdiswha
Tigray,Atsbi,BarkaAdiswha
Tigray,Atsbi,BarkaAdiswha
Tigray,Atsbi,BarkaAdiswha
Tigray,Atsbi,RubaFelege
Tigray,Atsbi,RubaFelege
Tigray,Atsbi,RubaFelege
Tigray,Atsbi,RubaFelege
Tigray,Ahferom,Edagaarbi
Tigray,Ahferom,Edagaarbi
Tigray,Ahferom,Edagaarbi
Tigray,Ahferom,Edagaarbi
Tigray,Ahferom,Edagaarbi
Tigray,Ahferom,Edagaarbi
Tigray,Ahferom,Edagaarbi
Tigray,Ahferom,Edagaarbi
Tigray,Ahferom,Edagaarbi
Tigray,Ahferom,Edagaarbi
Tigray,Ganta-afeshum,Simret-1
Tigray,Ganta-afeshum,Simret-1
Tigray,Ganta-afeshum,Simret-1
Tigray,Ganta-afeshum,Simret-1
Tigray,Ganta-afeshum,Simret-1
Tigray,Ganta-afeshum,Simret-1
Tigray,Ganta-afeshum,Simret-1
Tigray,Ganta-afeshum,Simret-1
Tigray,Ganta-afeshum,Simret-1
Tigray,Ganta-afeshum,Simret-1
Tigray,Ganta-afeshum,Simret-1
Tigray,Ganta-afeshum,Simret-1
Tigray,Ganta-afeshum,Simret-1
Tigray,Ganta-afeshum,Simret-1
Tigray,Ganta-afeshum,Simret-1
Tigray,Tanqua-Abergele,Simret
Tigray,Tanqua-Abergele,Simret
Tigray,Tanqua-Abergele,Simret
Tigray,Tanqua-Abergele,Simret
Tigray,Tanqua-Abergele,Simret
Tigray,Tanqua-Abergele,Simret
Tigray,Tanqua-Abergele,Simret
Tigray,Tanqua-Abergele,Simret
Tigray,Tanqua-Abergele,Simret
Tigray,Tanqua-Abergele,Simret
Tigray,Ahferom,Emba-Ahfrom
Tigray,Ahferom,Emba-Ahfrom
Tigray,Ahferom,Emba-Ahfrom
Tigray,Ahferom,Emba-Ahfrom
Tigray,Ahferom,Emba-Ahfrom
Tigray,Ahferom,Emba-Ahfrom
Tigray,Ahferom,Emba-Ahfrom
Tigray,Ahferom,Emba-Ahfrom
Tigray,Ahferom,Emba-Ahfrom
Tigray,Ahferom,Emba-Ahfrom
Tigray,Tanqua-Abergele,Jijqe
Tigray,Tanqua-Abergele,Jijqe
Tigray,Tanqua-Abergele,Jijqe
Tigray,Tanqua-Abergele,Jijqe
Tigray,Tanqua-Abergele,Jijqe
Tigray,Tanqua-Abergele,Jijqe
Tigray,Tanqua-Abergele,Jijqe
Tigray,Tanqua-Abergele,Jijqe
Tigray,Tanqua-Abergele,Jijqe
Tigray,Tanqua-Abergele,Jijqe
Tigray,Ahferom,Sefo
Tigray,Ahferom,Sefo
Tigray,Ahferom,Sefo
Tigray,Ahferom,Sefo
Tigray,Ahferom,Sefo
Tigray,Ahferom,Sefo
Tigray,Ahferom,Sefo
Tigray,Ahferom,Sefo
Tigray,Ahferom,Sefo
Tigray,Ahferom,Sefo
Tigray,Ahferom,Laelayhahaile
Tigray,Ahferom,Laelayhahaile
Tigray,Ahferom,Laelayhahaile
Tigray,Ahferom,Laelayhahaile
Tigray,Ahferom,Laelayhahaile
Tigray,Ahferom,Laelayhahaile
Tigray,Ahferom,Laelayhahaile
Tigray,Ahferom,Laelayhahaile
Tigray,Ahferom,Laelayhahaile
Tigray,Ahferom,Laelayhahaile
Tigray,Ahferom,Kudo
Tigray,Ahferom,Kudo
Tigray,Ahferom,Kudo
Tigray,Ahferom,Kudo
Tigray,Ahferom,Kudo
Tigray,Ahferom,Kudo
Tigray,Ahferom,Kudo
Tigray,Ahferom,Kudo
Tigray,Ahferom,Kudo
Tigray,Ahferom,Kudo
Tigray,Ahferom,Endamariam
Tigray,Ahferom,Endamariam
Tigray,Ahferom,Endamariam
Tigray,Ahferom,Endamariam
Tigray,Ahferom,Endamariam
Tigray,Ahferom,Endamariam
Tigray,Ahferom,Endamariam
Tigray,Ahferom,Endamariam
Tigray,Ahferom,Endamariam
Tigray,Ahferom,Endamariam
Tigray,Ahferom,Endamariam
Tigray,Ahferom,Endamariam
Tigray,Ahferom,Endamariam
Tigray,Ahferom,Endamariam
Tigray,Ahferom,Endamariam
Tigray,Ahferom,Mezbr
Tigray,Ahferom,Mezbr
Tigray,Ahferom,Mezbr
Tigray,Ahferom,Mezbr
Tigray,Ahferom,Mezbr
Tigray,Ahferom,Mezbr
Tigray,Ahferom,Mezbr
Tigray,Ahferom,Mezbr
Tigray,Ahferom,Mezbr
Tigray,Ahferom,Mezbr
Tigray,Ahferom,TahtayDaeroka
Tigray,Ahferom,TahtayDaeroka
Tigray,Ahferom,TahtayDaeroka
Tigray,Ahferom,TahtayDaeroka
Tigray,Ahferom,TahtayDaeroka
Tigray,Medebay-Zana,Nefasit
Tigray,Medebay-Zana,Nefasit
Tigray,Medebay-Zana,Nefasit
Tigray,Medebay-Zana,Nefasit
Tigray,Medebay-Zana,Nefasit
Tigray,Medebay-Zana,Nefasit
Tigray,Medebay-Zana,Nefasit
Tigray,Medebay-Zana,Nefasit
Tigray,Medebay-Zana,Nefasit
Tigray,Medebay-Zana,Nefasit
Tigray,Medebay-Zana,Nefasit
Tigray,Medebay-Zana,Nefasit
Tigray,Medebay-Zana,Nefasit
Tigray,Medebay-Zana,Nefasit
Tigray,Medebay-Zana,Nefasit
Tigray,Saharti Samre,Nebarhadinet
Tigray,Saharti Samre,Nebarhadinet
Tigray,Saharti Samre,Nebarhadinet
Tigray,Saharti Samre,Nebarhadinet
Tigray,Saharti Samre,Nebarhadinet
Tigray,Saharti Samre,Nebarhadinet
Tigray,Saharti Samre,Nebarhadinet
Tigray,Saharti Samre,Nebarhadinet
Tigray,Saharti Samre,Nebarhadinet
Tigray,Saharti Samre,Nebarhadinet
Tigray,Medebay-Zana,Mesehle
Tigray,Medebay-Zana,Mesehle
Tigray,Medebay-Zana,Mesehle
Tigray,Medebay-Zana,Mesehle
Tigray,Medebay-Zana,Mesehle
Tigray,Medebay-Zana,Mesehle
Tigray,Medebay-Zana,Mesehle
Tigray,Medebay-Zana,Mesehle
Tigray,Medebay-Zana,Mesehle
Tigray,Medebay-Zana,Mesehle
Tigray,Medebay-Zana,Mesehle
Tigray,Medebay-Zana,Mesehle
Tigray,Medebay-Zana,Mesehle
Tigray,Medebay-Zana,Mesehle
Tigray,Saharti Samre,Gijet
Tigray,Saharti Samre,Gijet
Tigray,Saharti Samre,Gijet
Tigray,Saharti Samre,Gijet
Tigray,Saharti Samre,Gijet
Tigray,Saharti Samre,Gijet
Tigray,Saharti Samre,Gijet
Tigray,Saharti Samre,Gijet
Tigray,Saharti Samre,Gijet
Tigray,Saharti Samre,Gijet
Tigray,Ganta-afeshum,Adekiney
Tigray,Ganta-afeshum,Adekiney
Tigray,Ganta-afeshum,Adekiney
Tigray,Ganta-afeshum,Adekiney
Tigray,Ganta-afeshum,Adekiney
Tigray,Ganta-afeshum,Adekiney
Tigray,Ganta-afeshum,Adekiney
Tigray,Ganta-afeshum,Adekiney
Tigray,Ganta-afeshum,Adekiney
Tigray,Ganta-afeshum,Adekiney
Tigray,Ganta-afeshum,Adekiney
Tigray,Ganta-afeshum,Adekiney
Tigray,Ganta-afeshum,Adekiney
Tigray,Ganta-afeshum,Adekiney
Tigray,Ganta-afeshum,Adekiney
Tigray,TanquaAbergele,Mearey
Tigray,TanquaAbergele,Mearey
Tigray,TanquaAbergele,Mearey
Tigray,TanquaAbergele,Mearey
Tigray,TanquaAbergele,Mearey
Tigray,Saharti Samre,Hintsa
Tigray,Saharti Samre,Hintsa
Tigray,Saharti Samre,Hintsa
Tigray,Saharti Samre,Hintsa
Tigray,Saharti Samre,Hintsa
Tigray,Saharti Samre,Hintsa
Tigray,Saharti Samre,Hintsa
Tigray,Saharti Samre,Hintsa
Tigray,Saharti Samre,Hintsa
Tigray,Saharti Samre,Hintsa
Tigray,Ofla,Adishimbirkti
Tigray,Ofla,Adishimbirkti
Tigray,Ofla,Adishimbirkti
Tigray,Ofla,Adishimbirkti
Tigray,Ofla,Adishimbirkti
Tigray,Ofla,Zata
Tigray,Ofla,Zata
Tigray,Ofla,Zata
Tigray,Ofla,Zata
Tigray,Ofla,Zata
Tigray,Ofla,Fala
Tigray,Ofla,Fala
Tigray,Ofla,Fala
Tigray,Ofla,Fala
Tigray,Ofla,Fala
Tigray,Alamata,Tsetsera
Tigray,Alamata,Tsetsera
Tigray,Alamata,Tsetsera
Tigray,Alamata,Tsetsera
Tigray,Alamata,Tsetsera
Tigray,Alamata,Sorya
Tigray,Alamata,Sorya
Tigray,Alamata,Sorya
Tigray,Alamata,Sorya
Tigray,Alamata,Sorya
Tigray,Samre,MayTeklia
Tigray,Samre,MayTeklia
Tigray,Samre,MayTeklia
Tigray,Samre,MayTeklia
Tigray,Samre,MayTeklia
Amhara,Libo Kemkem,Bilb Wuha
Amhara,Libo Kemkem,Bilb Wuha
Amhara,Libo Kemkem,Bilb Wuha
Amhara,Libo Kemkem,Bilb Wuha
Amhara,Libo Kemkem,Bilb Wuha
Tigray,RayaAzebo,HadeAlga
Tigray,RayaAzebo,HadeAlga
Tigray,RayaAzebo,HadeAlga
Tigray,RayaAzebo,HadeAlga
Tigray,RayaAzebo,HadeAlga
Tigray,RayaAzebo,HadeAlga
Tigray,RayaAzebo,HadeAlga
Tigray,RayaAzebo,HadeAlga
Tigray,RayaAzebo,HadeAlga
Tigray,RayaAzebo,HadeAlga
Amhara,LiboKemikem,Berkutae
Amhara,LiboKemikem,Berkutae
Amhara,LiboKemikem,Berkutae
Amhara,LiboKemikem,Berkutae
Amhara,LiboKemikem,Berkutae
Amhara,LiboKemikem,Berkutae
Amhara,LiboKemikem,Berkutae
Amhara,LiboKemikem,Berkutae
Amhara,LiboKemikem,Berkutae
Amhara,LiboKemikem,Berkutae
Amhara,LiboKemikem,Tara gedam
Amhara,LiboKemikem,Tara gedam
Amhara,LiboKemikem,Tara gedam
Amhara,LiboKemikem,Tara gedam
Amhara,LiboKemikem,Tara gedam
Amhara,LiboKemikem,Tara gedam
Amhara,LiboKemikem,Tara gedam
Amhara,LiboKemikem,Tara gedam
Amhara,LiboKemikem,Tara gedam
Amhara,LiboKemikem,Tara gedam
Tigray,Endamekoni,Simret
Tigray,Endamekoni,Simret
Tigray,Endamekoni,Simret
Tigray,Endamekoni,Simret
Tigray,Endamekoni,Simret
Tigray,Samre,AmdiWeyane
Tigray,Samre,AmdiWeyane
Tigray,Samre,AmdiWeyane
Tigray,Samre,AmdiWeyane
Tigray,Samre,AmdiWeyane
Tigray,Samre,AmdiWeyane
Tigray,Samre,AmdiWeyane
Tigray,Samre,AmdiWeyane
Tigray,Samre,AmdiWeyane
Tigray,Samre,AmdiWeyane
Tigray,RayaAzebo,Mechare
Tigray,RayaAzebo,Mechare
Tigray,RayaAzebo,Mechare
Tigray,RayaAzebo,Mechare
Tigray,RayaAzebo,Mechare
Tigray,RayaAzebo,Mechare
Tigray,RayaAzebo,Mechare
Tigray,RayaAzebo,Mechare
Tigray,RayaAzebo,Mechare
Tigray,RayaAzebo,Mechare
Tigray,Alamata,Gerjale
Tigray,Alamata,Gerjale
Tigray,Alamata,Gerjale
Tigray,Alamata,Gerjale
Tigray,Alamata,Gerjale
Tigray,Alamata,Gerjale
Tigray,Alamata,Gerjale
Tigray,Alamata,Gerjale
Tigray,Alamata,Gerjale
Tigray,Alamata,Gerjale
Tigray,Tanqua-Abergele,Tekleweyni
Tigray,Tanqua-Abergele,Tekleweyni
Tigray,Tanqua-Abergele,Tekleweyni
Tigray,Tanqua-Abergele,Tekleweyni
Tigray,Tanqua-Abergele,Tekleweyni
Tigray,Tanqua-Abergele,Siye
Tigray,Tanqua-Abergele,Siye
Tigray,Tanqua-Abergele,Siye
Tigray,Tanqua-Abergele,Siye
Tigray,Tanqua-Abergele,Siye
Tigray,Tanqua-Abergele,Tseykeme
Tigray,Tanqua-Abergele,Tseykeme
Tigray,Tanqua-Abergele,Tseykeme
Tigray,Tanqua-Abergele,Tseykeme
Tigray,Tanqua-Abergele,Tseykeme
Tigray,Tanqua-Abergele,Negedebrhan
Tigray,Tanqua-Abergele,Negedebrhan
Tigray,Tanqua-Abergele,Negedebrhan
Tigray,Tanqua-Abergele,Negedebrhan
Tigray,Tanqua-Abergele,Negedebrhan
Tigray,Tanqua-Abergele,Grwre
Tigray,Tanqua-Abergele,Grwre
Tigray,Tanqua-Abergele,Grwre
Tigray,Tanqua-Abergele,Grwre
Tigray,Tanqua-Abergele,Grwre
Tigray,Tanqua-Abergele,Limat
Tigray,Tanqua-Abergele,Limat
Tigray,Tanqua-Abergele,Limat
Tigray,Tanqua-Abergele,Limat
Tigray,Tanqua-Abergele,Limat
Tigray,Naeder-Adet,Jira
Tigray,Naeder-Adet,Jira
Tigray,Naeder-Adet,Jira
Tigray,Naeder-Adet,Jira
Tigray,Naeder-Adet,Jira
Tigray,Naeder-Adet,Adreb
Tigray,Naeder-Adet,Adreb
Tigray,Naeder-Adet,Adreb
Tigray,Naeder-Adet,Adreb
Tigray,Naeder-Adet,Adreb
Tigray,Naeder-Adet,Ksad-acki
Tigray,Naeder-Adet,Ksad-acki
Tigray,Naeder-Adet,Ksad-acki
Tigray,Naeder-Adet,Ksad-acki
Tigray,Naeder-Adet,Ksad-acki
Tigray,Naeder-Adet,Seka
Tigray,Naeder-Adet,Seka
Tigray,Naeder-Adet,Seka
Tigray,Naeder-Adet,Seka
Tigray,Naeder-Adet,Seka
Tigray,Adwa,Lalaylogomti
Tigray,Adwa,Lalaylogomti
Tigray,Adwa,Lalaylogomti
Tigray,Adwa,Lalaylogomti
Tigray,Adwa,Lalaylogomti
Tigray,Adwa,Woyenti
Tigray,Adwa,Woyenti
Tigray,Adwa,Woyenti
Tigray,Adwa,Woyenti
Tigray,Adwa,Woyenti
Tigray,Naeder-Adet,Adi selam
Tigray,Naeder-Adet,Adi selam
Tigray,Naeder-Adet,Adi selam
Tigray,Naeder-Adet,Adi selam
Tigray,Naeder-Adet,Adi selam
Tigray,KolaTembien,Endabano
Tigray,KolaTembien,Endabano
Tigray,KolaTembien,Endabano
Tigray,KolaTembien,Endabano
Tigray,KolaTembien,Endabano
Tigray,KolaTembien,Endabano
Tigray,KolaTembien,Endabano
Tigray,KolaTembien,Endabano
Tigray,KolaTembien,Endabano
Tigray,KolaTembien,Endabano
Tigray,TanquaAbergele,Lemlem
Tigray,TanquaAbergele,Lemlem
Tigray,TanquaAbergele,Lemlem
Tigray,TanquaAbergele,Lemlem
Tigray,TanquaAbergele,Lemlem
Tigray,Alamata,LaelayDayu
Tigray,Alamata,LaelayDayu
Tigray,Alamata,LaelayDayu
Tigray,Alamata,LaelayDayu
Tigray,Alamata,LaelayDayu
Tigray,Alamata,LaelayDayu
Tigray,Alamata,LaelayDayu
Tigray,Alamata,LaelayDayu
Tigray,Alamata,LaelayDayu
Tigray,Atsbi,RubaFelege
Tigray,Atsbi,RubaFelege
Tigray,Atsbi,RubaFelege
Tigray,Atsbi,RubaFelege
Tigray,Atsbi,RubaFelege
Tigray,RayaAzebo,Mechare
Tigray,RayaAzebo,Mechare
Tigray,RayaAzebo,Mechare
Tigray,RayaAzebo,Mechare
Tigray,RayaAzebo,Mechare
Tigray,KolaTembien,GetskiMilesiley
Tigray,KolaTembien,GetskiMilesiley
Tigray,KolaTembien,GetskiMilesiley
Tigray,KolaTembien,GetskiMilesiley
Tigray,WiereLahe,Endagahamus
Tigray,WiereLahe,Endagahamus
Tigray,WiereLahe,Endagahamus
Tigray,WiereLahe,Endagahamus
Tigray,WiereLahe,Endagahamus
Tigray,WiereLahe,AdisAlem
Tigray,WiereLahe,AdisAlem
Tigray,WiereLahe,AdisAlem
Tigray,WiereLahe,AdisAlem
Tigray,WiereLahe,AdisAlem
Tigray,Ganta-afeshum,Wuhdet
Tigray,Ganta-afeshum,Wuhdet
Tigray,Ganta-afeshum,Wuhdet
Tigray,Ganta-afeshum,Wuhdet
Tigray,Ganta-afeshum,Wuhdet
Tigray,Ganta-afeshum,Wuhdet
Tigray,Ganta-afeshum,Wuhdet
Tigray,Ganta-afeshum,Wuhdet
Tigray,Ganta-afeshum,Wuhdet
Tigray,Ganta-afeshum,Wuhdet
Tigray,Ganta-afeshum,Wuhdet
Tigray,Ganta-afeshum,Wuhdet
Tigray,Ganta-afeshum,Wuhdet
Tigray,Ganta-afeshum,Wuhdet
Tigray,Ganta-afeshum,Wuhdet
Amhara,Libo Kemkem,Agid
Amhara,Libo Kemkem,Agid
Amhara,Libo Kemkem,Agid
Amhara,Libo Kemkem,Agid
Amhara,Libo Kemkem,Agid
Amhara,Libo Kemkem,Agid
Amhara,Libo Kemkem,Agid
Amhara,Libo Kemkem,Agid
Amhara,Libo Kemkem,Agid
Amhara,Libo Kemkem,Agid
Amhara,Libo Kemkem,Birkutea
Amhara,Libo Kemkem,Birkutea
Amhara,Libo Kemkem,Birkutea
Amhara,Libo Kemkem,Birkutea
Amhara,Libo Kemkem,Birkutea
Amhara,Libo Kemkem,Birkutea
Amhara,Libo Kemkem,Birkutea
Amhara,Libo Kemkem,Birkutea
Amhara,Libo Kemkem,Birkutea
Amhara,Libo Kemkem,Birkutea
Amhara,Libo Kemkem,Birkutea
Amhara,Libo Kemkem,Birkutea
Amhara,Libo Kemkem,Birkutea
Amhara,Libo Kemkem,Birkutea
Amhara,Libo Kemkem,Birkutea
Amhara,Libo Kemkem,Birkutea
Amhara,Libo Kemkem,Birkutea
Amhara,Libo Kemkem,Birkutea
Amhara,Libo Kemkem,Birkutea
Amhara,Libo Kemkem,Birkutea
Amhara,Libo Kemkem,Ginaza
Amhara,Libo Kemkem,Ginaza
Amhara,Libo Kemkem,Ginaza
Amhara,Libo Kemkem,Ginaza
Amhara,Libo Kemkem,Ginaza
Amhara,Libo Kemkem,Ginaza
Amhara,Libo Kemkem,Ginaza
Amhara,Libo Kemkem,Ginaza
Amhara,Libo Kemkem,Ginaza
Amhara,Libo Kemkem,Ginaza
Amhara,Libo Kemkem,Birkutea
Amhara,Libo Kemkem,Birkutea
Amhara,Libo Kemkem,Birkutea
Amhara,Libo Kemkem,Birkutea
Amhara,Libo Kemkem,Birkutea
Amhara,Libo Kemkem,Birkutea
Amhara,Libo Kemkem,Birkutea
Amhara,Libo Kemkem,Birkutea
Amhara,Libo Kemkem,Birkutea
Amhara,Libo Kemkem,Birkutea
Amhara,Libo Kemkem,Birkutea
Amhara,Libo Kemkem,Birkutea
Amhara,Libo Kemkem,Birkutea
Amhara,Libo Kemkem,Birkutea
Amhara,Libo Kemkem,Birkutea
Amhara,Libo Kemkem,Ginaza
Amhara,Libo Kemkem,Ginaza
Amhara,Libo Kemkem,Ginaza
Amhara,Libo Kemkem,Ginaza
Amhara,Libo Kemkem,Ginaza
Amhara,Libo Kemkem,Ginaza
Amhara,Libo Kemkem,Ginaza
Amhara,Libo Kemkem,Ginaza
Amhara,Libo Kemkem,Ginaza
Amhara,Libo Kemkem,Ginaza
Amhara,Libo Kemkem,Ginaza
Amhara,Libo Kemkem,Ginaza
Amhara,Libo Kemkem,Ginaza
Amhara,Libo Kemkem,Ginaza
Amhara,Libo Kemkem,Ginaza
Amhara,Libo Kemkem,Ginaza
Amhara,Libo Kemkem,Ginaza
Amhara,Libo Kemkem,Ginaza
Amhara,Libo Kemkem,Ginaza
Amhara,Libo Kemkem,Ginaza
Amhara,Libo Kemkem,Ginaza
Tigray,Medebay-Zana,Adibearj
Tigray,Medebay-Zana,Adibearj
Tigray,Medebay-Zana,Adibearj
Tigray,Medebay-Zana,Adibearj
Tigray,Medebay-Zana,Adibearj
Tigray,Medebay-Zana,Adibearj
Tigray,Medebay-Zana,Adibearj
Tigray,Medebay-Zana,Adibearj
Tigray,Medebay-Zana,Adibearj
Tigray,Medebay-Zana,Adibearj
Tigray,Medebay-Zana,Adibearj
Tigray,Medebay-Zana,Adibearj
Tigray,Medebay-Zana,Adibearj
Tigray,Medebay-Zana,Adibearj
Tigray,Medebay-Zana,Adibearj
Tigray,Tanqua-Abergele,Hadashtekli
Tigray,Tanqua-Abergele,Hadashtekli
Tigray,Tanqua-Abergele,Hadashtekli
Tigray,Tanqua-Abergele,Hadashtekli
Tigray,Tanqua-Abergele,Hadashtekli
Tigray,Tanqua-Abergele,Hadashtekli
Tigray,Tanqua-Abergele,Hadashtekli
Tigray,Tanqua-Abergele,Hadashtekli
Tigray,Tanqua-Abergele,Hadashtekli
Tigray,Tanqua-Abergele,Hadashtekli
Tigray,Werieleke,Tsae
Tigray,Werieleke,Tsae
Tigray,Werieleke,Tsae
Tigray,Werieleke,Tsae
Tigray,Werieleke,Tsae
Tigray,Werieleke,Tsae
Tigray,Werieleke,Tsae
Tigray,Werieleke,Tsae
Tigray,Werieleke,Tsae
Tigray,Werieleke,Tsae
Tigray,Werieleke,Tsae
Tigray,Werieleke,Tsae
Tigray,Werieleke,Tsae
Tigray,Werieleke,Tsae
Tigray,Werieleke,Tsae
Tigray,Werieleke,Enda-Felasi
Tigray,Werieleke,Enda-Felasi
Tigray,Werieleke,Enda-Felasi
Tigray,Werieleke,Enda-Felasi
Tigray,Werieleke,Enda-Felasi
Tigray,Werieleke,Enda-Felasi
Tigray,Werieleke,Enda-Felasi
Tigray,Werieleke,Enda-Felasi
Tigray,Werieleke,Enda-Felasi
Tigray,Werieleke,Enda-Felasi
Tigray,Werieleke,Enda-Felasi
Tigray,Werieleke,Enda-Felasi
Tigray,Werieleke,Enda-Felasi
Tigray,Werieleke,Enda-Felasi
Tigray,Werieleke,Enda-Felasi
Tigray,Emba-Alaje,Amedwuha
Tigray,Emba-Alaje,Amedwuha
Tigray,Emba-Alaje,Amedwuha
Tigray,Emba-Alaje,Amedwuha
Tigray,Emba-Alaje,Amedwuha
Tigray,Emba-Alaje,Amedwuha
Tigray,Emba-Alaje,Amedwuha
Tigray,Emba-Alaje,Amedwuha
Tigray,Emba-Alaje,Amedwuha
Tigray,Emba-Alaje,Amedwuha
Tigray,Emba-Alaje,Ayba
Tigray,Emba-Alaje,Ayba
Tigray,Emba-Alaje,Ayba
Tigray,Emba-Alaje,Ayba
Tigray,Emba-Alaje,Ayba
Tigray,Emba-Alaje,Ayba
Tigray,Emba-Alaje,Ayba
Tigray,Emba-Alaje,Ayba
Tigray,Emba-Alaje,Ayba
Tigray,Emba-Alaje,Ayba
Tigray,Medebay-Zana,Kuluferha
Tigray,Medebay-Zana,Kuluferha
Tigray,Medebay-Zana,Kuluferha
Tigray,Medebay-Zana,Kuluferha
Tigray,Medebay-Zana,Kuluferha
Tigray,Medebay-Zana,Kuluferha
Tigray,Medebay-Zana,Kuluferha
Tigray,Medebay-Zana,Kuluferha
Tigray,Medebay-Zana,Kuluferha
Tigray,Medebay-Zana,Kuluferha
Tigray,Medebay-Zana,Kuluferha
Tigray,Medebay-Zana,Kuluferha
Tigray,Medebay-Zana,Kuluferha
Tigray,Medebay-Zana,Kuluferha
Tigray,Medebay-Zana,Kuluferha
Tigray,Saharti Samre,Lemlem Arena
Tigray,Saharti Samre,Lemlem Arena
Tigray,Saharti Samre,Lemlem Arena
Tigray,Saharti Samre,Lemlem Arena
Tigray,Saharti Samre,Lemlem Arena
Tigray,Saharti Samre,Lemlem Arena
Tigray,Saharti Samre,Lemlem Arena
Tigray,Saharti Samre,Lemlem Arena
Tigray,Saharti Samre,Lemlem Arena
Tigray,Saharti Samre,Lemlem Arena
Tigray,Saharti Samre,Dekera
Tigray,Saharti Samre,Dekera
Tigray,Saharti Samre,Dekera
Tigray,Saharti Samre,Dekera
Tigray,Saharti Samre,Dekera
Tigray,Saharti Samre,Dekera
Tigray,Saharti Samre,Dekera
Tigray,Saharti Samre,Dekera
Tigray,Saharti Samre,Dekera
Tigray,Saharti Samre,Dekera
Tigray,Raya Azebo,Werabaye
Tigray,Raya Azebo,Werabaye
Tigray,Raya Azebo,Werabaye
Tigray,Raya Azebo,Werabaye
Tigray,Raya Azebo,Werabaye
Tigray,Raya Azebo,Werabaye
Tigray,Raya Azebo,Werabaye
Tigray,Raya Azebo,Werabaye
Tigray,Raya Azebo,Werabaye
Tigray,Raya Azebo,Werabaye
Tigray,Raya Azebo,Erba
Tigray,Raya Azebo,Erba
Tigray,Raya Azebo,Erba
Tigray,Raya Azebo,Erba
Tigray,Raya Azebo,Erba
Tigray,Raya Azebo,Erba
Tigray,Raya Azebo,Erba
Tigray,Raya Azebo,Erba
Tigray,Raya Azebo,Erba
Tigray,Raya Azebo,Erba
Tigray,Endamekoni,Meswaeti
Tigray,Endamekoni,Meswaeti
Tigray,Endamekoni,Meswaeti
Tigray,Endamekoni,Meswaeti
Tigray,Endamekoni,Meswaeti
Tigray,Endamekoni,Meswaeti
Tigray,Endamekoni,Meswaeti
Tigray,Endamekoni,Meswaeti
Tigray,Endamekoni,Meswaeti
Tigray,Endamekoni,Meswaeti
Tigray,Raya Azebo,Wargba
Tigray,Raya Azebo,Wargba
Tigray,Raya Azebo,Wargba
Tigray,Raya Azebo,Wargba
Tigray,Raya Azebo,Wargba
Tigray,Raya Azebo,Wargba
Tigray,Raya Azebo,Wargba
Tigray,Raya Azebo,Wargba
Tigray,Raya Azebo,Wargba
Tigray,Raya Azebo,Wargba
Tigray,Endamekoni,Tahtay haya
Tigray,Endamekoni,Tahtay haya
Tigray,Endamekoni,Tahtay haya
Tigray,Endamekoni,Tahtay haya
Tigray,Endamekoni,Tahtay haya
Tigray,Endamekoni,Tahtay haya
Tigray,Endamekoni,Tahtay haya
Tigray,Endamekoni,Tahtay haya
Tigray,Endamekoni,Tahtay haya
Tigray,Endamekoni,Tahtay haya
Tigray,Endamekoni,Mekan
Tigray,Endamekoni,Mekan
Tigray,Endamekoni,Mekan
Tigray,Endamekoni,Mekan
Tigray,Endamekoni,Mekan
Tigray,Endamekoni,Mekan
Tigray,Endamekoni,Mekan
Tigray,Endamekoni,Mekan
Tigray,Endamekoni,Mekan
Tigray,Endamekoni,Mekan
Tigray,Endamekoni,Hizba Teklehymanot
Tigray,Endamekoni,Hizba Teklehymanot
Tigray,Endamekoni,Hizba Teklehymanot
Tigray,Endamekoni,Hizba Teklehymanot
Tigray,Endamekoni,Hizba Teklehymanot
Tigray,Endamekoni,Hizba Teklehymanot
Tigray,Endamekoni,Hizba Teklehymanot
Tigray,Endamekoni,Hizba Teklehymanot
Tigray,Endamekoni,Hizba Teklehymanot
Tigray,Endamekoni,Hizba Teklehymanot
Tigray,Emba-Alaje,Tekea
Tigray,Emba-Alaje,Tekea
Tigray,Emba-Alaje,Tekea
Tigray,Emba-Alaje,Tekea
Tigray,Emba-Alaje,Tekea
Tigray,Emba-Alaje,Tekea
Tigray,Emba-Alaje,Tekea
Tigray,Emba-Alaje,Tekea
Tigray,Emba-Alaje,Tekea
Tigray,Emba-Alaje,Tekea
Tigray,Kilte Awlaelo,Debrebrhan
Tigray,Kilte Awlaelo,Debrebrhan
Tigray,Kilte Awlaelo,Debrebrhan
Tigray,Kilte Awlaelo,Debrebrhan
Tigray,Kilte Awlaelo,Debrebrhan
Tigray,Kilte Awlaelo,Debrebrhan
Tigray,Kilte Awlaelo,Debrebrhan
Tigray,Kilte Awlaelo,Debrebrhan
Tigray,Kilte Awlaelo,Debrebrhan
Tigray,Kilte Awlaelo,Debrebrhan
Tigray,Kilte Awlaelo,Hayelom
Tigray,Kilte Awlaelo,Hayelom
Tigray,Kilte Awlaelo,Hayelom
Tigray,Kilte Awlaelo,Hayelom
Tigray,Kilte Awlaelo,Hayelom
Tigray,Kilte Awlaelo,Hayelom
Tigray,Kilte Awlaelo,Hayelom
Tigray,Kilte Awlaelo,Hayelom
Tigray,Kilte Awlaelo,Hayelom
Tigray,Kilte Awlaelo,Hayelom
Tigray,Kilte Awlaelo,Hadnet
Tigray,Kilte Awlaelo,Hadnet
Tigray,Kilte Awlaelo,Hadnet
Tigray,Kilte Awlaelo,Hadnet
Tigray,Kilte Awlaelo,Hadnet
Tigray,Kilte Awlaelo,Hadnet
Tigray,Kilte Awlaelo,Hadnet
Tigray,Kilte Awlaelo,Hadnet
Tigray,Kilte Awlaelo,Hadnet
Tigray,Kilte Awlaelo,Hadnet
Tigray,Emba-Alaje,Seret
Tigray,Emba-Alaje,Seret
Tigray,Emba-Alaje,Seret
Tigray,Emba-Alaje,Seret
Tigray,Emba-Alaje,Seret
Tigray,Emba-Alaje,Seret
Tigray,Emba-Alaje,Seret
Tigray,Emba-Alaje,Seret
Tigray,Emba-Alaje,Seret
Tigray,Emba-Alaje,Seret
Tigray,Saharti Samre,Cheli
Tigray,Saharti Samre,Cheli
Tigray,Saharti Samre,Cheli
Tigray,Saharti Samre,Cheli
Tigray,Saharti Samre,Cheli
Tigray,Saharti Samre,Cheli
Tigray,Saharti Samre,Cheli
Tigray,Saharti Samre,Cheli
Tigray,Saharti Samre,Cheli
Tigray,Saharti Samre,Cheli
Tigray,Saharti-Samre,Esiret
Tigray,Saharti-Samre,Esiret
Tigray,Saharti-Samre,Esiret
Tigray,Saharti-Samre,Esiret
Tigray,Saharti-Samre,Esiret
Tigray,Saharti-Samre,Esiret
Tigray,Saharti-Samre,Esiret
Tigray,Saharti-Samre,Esiret
Tigray,Saharti-Samre,Esiret
Tigray,Saharti-Samre,Esiret
Tigray,Saharti-Samre,Bamba
Tigray,Saharti-Samre,Bamba
Tigray,Saharti-Samre,Bamba
Tigray,Saharti-Samre,Bamba
Tigray,Saharti-Samre,Bamba
Tigray,Saharti-Samre,Bamba
Tigray,Saharti-Samre,Bamba
Tigray,Saharti-Samre,Bamba
Tigray,Saharti-Samre,Bamba
Tigray,Saharti-Samre,Bamba
Amhara,Libo Kemkem,Anigot
Amhara,Libo Kemkem,Anigot
Amhara,Libo Kemkem,Anigot
Amhara,Libo Kemkem,Anigot
Amhara,Libo Kemkem,Anigot
Amhara,Libo Kemkem,Anigot
Amhara,Libo Kemkem,Anigot
Amhara,Libo Kemkem,Anigot
Amhara,Libo Kemkem,Anigot
Amhara,Libo Kemkem,Anigot
Amhara,Libo Kemkem,Anigot
Amhara,Libo Kemkem,Anigot
Amhara,Libo Kemkem,Anigot
Amhara,Libo Kemkem,Anigot
Amhara,Libo Kemkem,Anigot
Amhara,Libo Kemkem,Estifanos
Amhara,Libo Kemkem,Estifanos
Amhara,Libo Kemkem,Estifanos
Amhara,Libo Kemkem,Estifanos
Amhara,Libo Kemkem,Estifanos
Amhara,Libo Kemkem,Estifanos
Amhara,Libo Kemkem,Estifanos
Amhara,Libo Kemkem,Estifanos
Amhara,Libo Kemkem,Estifanos
Amhara,Libo Kemkem,Estifanos
Amhara,Libo Kemkem,Estifanos
Amhara,Libo Kemkem,Estifanos
Amhara,Libo Kemkem,Estifanos
Amhara,Libo Kemkem,Estifanos
Amhara,Libo Kemkem,Estifanos
Amhara,Libo Kemkem,Mitad
Amhara,Libo Kemkem,Mitad
Amhara,Libo Kemkem,Mitad
Amhara,Libo Kemkem,Mitad
Amhara,Libo Kemkem,Mitad
Amhara,Libo Kemkem,Mitad
Amhara,Libo Kemkem,Mitad
Amhara,Libo Kemkem,Mitad
Amhara,Libo Kemkem,Mitad
Amhara,Libo Kemkem,Mitad
Amhara,Libo Kemkem,Agela
Amhara,Libo Kemkem,Agela
Amhara,Libo Kemkem,Agela
Amhara,Libo Kemkem,Agela
Amhara,Libo Kemkem,Agela
Amhara,Libo Kemkem,Agela
Amhara,Libo Kemkem,Agela
Amhara,Libo Kemkem,Agela
Amhara,Libo Kemkem,Agela
Amhara,Libo Kemkem,Agela
Amhara,Libo Kemkem,shamo
Amhara,Libo Kemkem,shamo
Amhara,Libo Kemkem,shamo
Amhara,Libo Kemkem,shamo
Amhara,Libo Kemkem,shamo
Amhara,Libo Kemkem,shamo
Amhara,Libo Kemkem,shamo
Amhara,Libo Kemkem,shamo
Amhara,Libo Kemkem,shamo
Amhara,Libo Kemkem,shamo
Amhara,Libo Kemkem,Yifag Akababi
Amhara,Libo Kemkem,Yifag Akababi
Amhara,Libo Kemkem,Yifag Akababi
Amhara,Libo Kemkem,Yifag Akababi
Amhara,Libo Kemkem,Yifag Akababi
Amhara,Libo Kemkem,Yifag Akababi
Amhara,Libo Kemkem,Yifag Akababi
Amhara,Libo Kemkem,Yifag Akababi
Amhara,Libo Kemkem,Yifag Akababi
Amhara,Libo Kemkem,Yifag Akababi
Amhara,Libo Kemkem,Yifag Akababi
Amhara,Libo Kemkem,Yifag Akababi
Amhara,Libo Kemkem,Yifag Akababi
Amhara,Libo Kemkem,Yifag Akababi
Amhara,Libo Kemkem,Yifag Akababi
Amhara,Libo Kemkem,Bilb Wuha
Amhara,Libo Kemkem,Bilb Wuha
Amhara,Libo Kemkem,Bilb Wuha
Amhara,Libo Kemkem,Bilb Wuha
Amhara,Libo Kemkem,Bilb Wuha
Amhara,Libo Kemkem,Bilb Wuha
Amhara,Libo Kemkem,Bilb Wuha
Amhara,Libo Kemkem,Bilb Wuha
Amhara,Libo Kemkem,Bilb Wuha
Amhara,Libo Kemkem,Bilb Wuha
Amhara,Libo Kemkem,Michel Debre
Amhara,Libo Kemkem,Michel Debre
Amhara,Libo Kemkem,Michel Debre
Amhara,Libo Kemkem,Michel Debre
Amhara,Libo Kemkem,Michel Debre
Amhara,Libo Kemkem,Michel Debre
Amhara,Libo Kemkem,Michel Debre
Amhara,Libo Kemkem,Michel Debre
Amhara,Libo Kemkem,Michel Debre
Amhara,Libo Kemkem,Michel Debre
Tigray,Endamekoni,Tahtay haya
Tigray,Endamekoni,Tahtay haya
Tigray,Endamekoni,Tahtay haya
Tigray,Endamekoni,Tahtay haya
Tigray,Endamekoni,Tahtay haya
Tigray,Endamekoni,Tahtay haya
Tigray,Endamekoni,Tahtay haya
Tigray,Endamekoni,Tahtay haya
Tigray,Endamekoni,Tahtay haya
Tigray,Endamekoni,Tahtay haya
Tigray,Alamata,Tao
Tigray,Alamata,Tao
Tigray,Alamata,Tao
Tigray,Alamata,Tao
Tigray,Alamata,Tao
Tigray,Alamata,Tao
Tigray,Alamata,Tao
Tigray,Alamata,Tao
Tigray,Alamata,Tao
Tigray,Alamata,Tao
Tigray,Ofla,Dinkashena
Tigray,Ofla,Dinkashena
Tigray,Ofla,Dinkashena
Tigray,Ofla,Dinkashena
Tigray,Ofla,Dinkashena
Tigray,Ofla,Dinkashena
Tigray,Ofla,Dinkashena
Tigray,Ofla,Dinkashena
Tigray,Ofla,Dinkashena
Tigray,Ofla,Dinkashena
Tigray,Ofla,Darubekeda
Tigray,Ofla,Darubekeda
Tigray,Ofla,Darubekeda
Tigray,Ofla,Darubekeda
Tigray,Ofla,Darubekeda
Tigray,Ofla,Darubekeda
Tigray,Ofla,Darubekeda
Tigray,Ofla,Darubekeda
Tigray,Ofla,Darubekeda
Tigray,Ofla,Darubekeda
Amhara,Libo Kemkem,Wusha Tires
Amhara,Libo Kemkem,Wusha Tires
Amhara,Libo Kemkem,Wusha Tires
Amhara,Libo Kemkem,Wusha Tires
Amhara,Libo Kemkem,Wusha Tires
Amhara,Libo Kemkem,Wusha Tires
Amhara,Libo Kemkem,Wusha Tires
Amhara,Libo Kemkem,Wusha Tires
Amhara,Libo Kemkem,Wusha Tires
Amhara,Libo Kemkem,Wusha Tires
Amhara,Libo Kemkem,Wusha Tires
Amhara,Libo Kemkem,Wusha Tires
Amhara,Libo Kemkem,Wusha Tires
Amhara,Libo Kemkem,Wusha Tires
Amhara,Libo Kemkem,Asta
Amhara,Libo Kemkem,Asta
Amhara,Libo Kemkem,Asta
Amhara,Libo Kemkem,Asta
Amhara,Libo Kemkem,Asta
Amhara,Libo Kemkem,Asta
Amhara,Libo Kemkem,Asta
Amhara,Libo Kemkem,Asta
Amhara,Libo Kemkem,Asta
Amhara,Libo Kemkem,Asta
Tigray,Kolatemben,Santagelebeda
Tigray,Kolatemben,Santagelebeda
Tigray,Kolatemben,Santagelebeda
Tigray,Kolatemben,Santagelebeda
Tigray,Kolatemben,Santagelebeda
Tigray,Kolatemben,Santagelebeda
Tigray,Kolatemben,Santagelebeda
Tigray,Kolatemben,Santagelebeda
Tigray,Kolatemben,Santagelebeda
Tigray,Kolatemben,Santagelebeda
Tigray,Kolatemben,Mtsai werki
Tigray,Kolatemben,Mtsai werki
Tigray,Kolatemben,Mtsai werki
Tigray,Kolatemben,Mtsai werki
Tigray,Kolatemben,Mtsai werki
Tigray,Kolatemben,Mtsai werki
Tigray,Kolatemben,Mtsai werki
Tigray,Kolatemben,Mtsai werki
Tigray,Kolatemben,Mtsai werki
Tigray,Kolatemben,Mtsai werki
Tigray,Kolatemben,Mtsai werki
Tigray,Kolatemben,Mtsai werki
Tigray,Kolatemben,Mtsai werki
Tigray,Kolatemben,Mtsai werki
Tigray,Kolatemben,Mtsai werki
Tigray,Kolatemben,Guroro
Tigray,Kolatemben,Guroro
Tigray,Kolatemben,Guroro
Tigray,Kolatemben,Guroro
Tigray,Kolatemben,Guroro
Tigray,Kolatemben,Guroro
Tigray,Kolatemben,Guroro
Tigray,Kolatemben,Guroro
Tigray,Kolatemben,Guroro
Tigray,Kolatemben,Guroro
Tigray,Kolatemben,Debrinetseb
Tigray,Kolatemben,Debrinetseb
Tigray,Kolatemben,Debrinetseb
Tigray,Kolatemben,Debrinetseb
Tigray,Kolatemben,Debrinetseb
Tigray,Kolatemben,Debrinetseb
Tigray,Kolatemben,Debrinetseb
Tigray,Kolatemben,Debrinetseb
Tigray,Kolatemben,Debrinetseb
Tigray,Kolatemben,Debrinetseb
Tigray,Kolatemben,AwetBikalsi
Tigray,Kolatemben,AwetBikalsi
Tigray,Kolatemben,AwetBikalsi
Tigray,Kolatemben,AwetBikalsi
Tigray,Kolatemben,AwetBikalsi
Tigray,Kolatemben,AwetBikalsi
Tigray,Kolatemben,AwetBikalsi
Tigray,Kolatemben,AwetBikalsi
Tigray,Kolatemben,AwetBikalsi
Tigray,Kolatemben,AwetBikalsi
Tigray,Kolatemben,AwetBikalsi
Tigray,Kolatemben,AwetBikalsi
Tigray,Kolatemben,AwetBikalsi
Tigray,Kolatemben,AwetBikalsi
Tigray,Kolatemben,AwetBikalsi
Tigray,Kolatemben,Guya
Tigray,Kolatemben,Guya
Tigray,Kolatemben,Guya
Tigray,Kolatemben,Guya
Tigray,Kolatemben,Guya
Tigray,Kolatemben,Guya
Tigray,Kolatemben,Guya
Tigray,Kolatemben,Guya
Tigray,Kolatemben,Guya
Tigray,Kolatemben,Guya
Tigray,Kolatemben,Smret
Tigray,Kolatemben,Smret
Tigray,Kolatemben,Smret
Tigray,Kolatemben,Smret
Tigray,Kolatemben,Smret
Tigray,Kolatemben,Smret
Tigray,Kolatemben,Smret
Tigray,Kolatemben,Smret
Tigray,Kolatemben,Smret
Tigray,Kolatemben,Smret
Amhara,Libo Kemkem,Derita
Amhara,Libo Kemkem,Derita
Amhara,Libo Kemkem,Derita
Amhara,Libo Kemkem,Derita
Amhara,Libo Kemkem,Derita
Amhara,Libo Kemkem,Derita
Amhara,Libo Kemkem,Derita
Amhara,Libo Kemkem,Derita
Amhara,Libo Kemkem,Derita
Amhara,Libo Kemkem,Derita
Amhara,Libo Kemkem,Libo
Amhara,Libo Kemkem,Libo
Amhara,Libo Kemkem,Libo
Amhara,Libo Kemkem,Libo
Amhara,Libo Kemkem,Libo
Amhara,Libo Kemkem,Libo
Amhara,Libo Kemkem,Libo
Amhara,Libo Kemkem,Libo
Amhara,Libo Kemkem,Libo
Amhara,Libo Kemkem,Libo
Tigray,Werieleke,Enda-Felasi
Tigray,Werieleke,Enda-Felasi
Tigray,Werieleke,Enda-Felasi
Tigray,Werieleke,Enda-Felasi
Tigray,Werieleke,Enda-Felasi
Tigray,Werieleke,Enda-Felasi
Tigray,Werieleke,Enda-Felasi
Tigray,Werieleke,Enda-Felasi
Tigray,Werieleke,Enda-Felasi
Tigray,Werieleke,Enda-Felasi
Tigray,Werieleke,Enda-Felasi
Tigray,Werieleke,Enda-Felasi
Tigray,Werieleke,Enda-Felasi
Tigray,Werieleke,Enda-Felasi
Tigray,Werieleke,Enda-Felasi
Amhara,Libo Kemkem,Mendere Mariam
Amhara,Libo Kemkem,Mendere Mariam
Amhara,Libo Kemkem,Mendere Mariam
Amhara,Libo Kemkem,Mendere Mariam
Amhara,Libo Kemkem,Mendere Mariam
Amhara,Libo Kemkem,Mendere Mariam
Amhara,Libo Kemkem,Mendere Mariam
Amhara,Libo Kemkem,Mendere Mariam
Amhara,Libo Kemkem,Mendere Mariam
Amhara,Libo Kemkem,Mendere Mariam
Amhara,Libo Kemkem,Ginaza
Amhara,Libo Kemkem,Ginaza
Amhara,Libo Kemkem,Ginaza
Amhara,Libo Kemkem,Ginaza
Amhara,Libo Kemkem,Ginaza
Amhara,Libo Kemkem,Ginaza
Amhara,Libo Kemkem,Ginaza
Amhara,Libo Kemkem,Ginaza
Amhara,Libo Kemkem,Ginaza
Amhara,Libo Kemkem,Ginaza
Amhara,Libo Kemkem,Tibaga
Amhara,Libo Kemkem,Tibaga
Amhara,Libo Kemkem,Tibaga
Amhara,Libo Kemkem,Tibaga
Amhara,Libo Kemkem,Tibaga
Amhara,Libo Kemkem,Tibaga
Amhara,Libo Kemkem,Tibaga
Amhara,Libo Kemkem,Tibaga
Amhara,Libo Kemkem,Tibaga
Amhara,Libo Kemkem,Tibaga
Amhara,Libo Kemkem,Tibaga
Amhara,Libo Kemkem,Tibaga
Amhara,Libo Kemkem,Tibaga
Amhara,Libo Kemkem,Tibaga
Amhara,Libo Kemkem,Tibaga
Amhara,Libo Kemkem,Tara Gedam
Amhara,Libo Kemkem,Tara Gedam
Amhara,Libo Kemkem,Tara Gedam
Amhara,Libo Kemkem,Tara Gedam
Amhara,Libo Kemkem,Tara Gedam
Amhara,Libo Kemkem,Tara Gedam
Amhara,Libo Kemkem,Tara Gedam
Amhara,Libo Kemkem,Tara Gedam
Amhara,Libo Kemkem,Tara Gedam
Amhara,Libo Kemkem,Tara Gedam
Amhara,Libo Kemkem,Tara Gedam
Amhara,Libo Kemkem,Tara Gedam
Amhara,Libo Kemkem,Tara Gedam
Amhara,Libo Kemkem,Tara Gedam
Amhara,Libo Kemkem,Tara Gedam
Amhara,Libo Kemkem,Shehoch Tehara
Amhara,Libo Kemkem,Shehoch Tehara
Amhara,Libo Kemkem,Shehoch Tehara
Amhara,Libo Kemkem,Shehoch Tehara
Amhara,Libo Kemkem,Shehoch Tehara
Amhara,Libo Kemkem,Shehoch Tehara
Amhara,Libo Kemkem,Shehoch Tehara
Amhara,Libo Kemkem,Shehoch Tehara
Amhara,Libo Kemkem,Shehoch Tehara
Amhara,Libo Kemkem,Shehoch Tehara
Amhara,Libo Kemkem,Shehoch Tehara
Amhara,Libo Kemkem,Shehoch Tehara
Amhara,Libo Kemkem,Shehoch Tehara
Amhara,Libo Kemkem,Shehoch Tehara
Amhara,Libo Kemkem,Shehoch Tehara
Tigray,Hintalo Wajerat,Metkel
Tigray,Hintalo Wajerat,Metkel
Tigray,Hintalo Wajerat,Metkel
Tigray,Hintalo Wajerat,Metkel
Tigray,Hintalo Wajerat,Metkel
Tigray,Hintalo Wajerat,Metkel
Tigray,Hintalo Wajerat,Metkel
Tigray,Hintalo Wajerat,Metkel
Tigray,Hintalo Wajerat,Metkel
Tigray,Hintalo Wajerat,Metkel
Tigray,Hintalo Wajerat,Metkel
Tigray,Hintalo Wajerat,Metkel
Tigray,Hintalo Wajerat,Metkel
Tigray,Hintalo Wajerat,Metkel
Tigray,Hintalo Wajerat,Metkel
Tigray,Hintalo Wajerat,HagereSelam
Tigray,Hintalo Wajerat,HagereSelam
Tigray,Hintalo Wajerat,HagereSelam
Tigray,Hintalo Wajerat,HagereSelam
Tigray,Hintalo Wajerat,HagereSelam
Tigray,Hintalo Wajerat,HagereSelam
Tigray,Hintalo Wajerat,HagereSelam
Tigray,Hintalo Wajerat,HagereSelam
Tigray,Hintalo Wajerat,HagereSelam
Tigray,Hintalo Wajerat,HagereSelam
Tigray,Hintalo Wajerat,HagereSelam
Tigray,Hintalo Wajerat,HagereSelam
Tigray,Hintalo Wajerat,HagereSelam
Tigray,Hintalo Wajerat,HagereSelam
Tigray,Hintalo Wajerat,HagereSelam
Tigray,Hintalo Wajerat,Fikre-Alem
Tigray,Hintalo Wajerat,Fikre-Alem
Tigray,Hintalo Wajerat,Fikre-Alem
Tigray,Hintalo Wajerat,Fikre-Alem
Tigray,Hintalo Wajerat,Fikre-Alem
Tigray,Hintalo Wajerat,Fikre-Alem
Tigray,Hintalo Wajerat,Fikre-Alem
Tigray,Hintalo Wajerat,Fikre-Alem
Tigray,Hintalo Wajerat,Fikre-Alem
Tigray,Hintalo Wajerat,Fikre-Alem
Tigray,Hintalo Wajerat,Fikre-Alem
Tigray,Hintalo Wajerat,Fikre-Alem
Tigray,Hintalo Wajerat,Fikre-Alem
Tigray,Hintalo Wajerat,Fikre-Alem
Tigray,Hintalo Wajerat,Fikre-Alem
Tigray,Hawzien,Mozutey
Tigray,Hawzien,Mozutey
Tigray,Hawzien,Mozutey
Tigray,Hawzien,Mozutey
Tigray,Hawzien,Mozutey
Tigray,Hawzien,Mozutey
Tigray,Hawzien,Mozutey
Tigray,Hawzien,Mozutey
Tigray,Hawzien,Mozutey
Tigray,Hawzien,Mozutey
Tigray,Hawzien,Debrebirhan
Tigray,Hawzien,Debrebirhan
Tigray,Hawzien,Debrebirhan
Tigray,Hawzien,Debrebirhan
Tigray,Hawzien,Debrebirhan
Tigray,Hawzien,Debrebirhan
Tigray,Hawzien,Debrebirhan
Tigray,Hawzien,Debrebirhan
Tigray,Hawzien,Debrebirhan
Tigray,Hawzien,Debrebirhan
Tigray,Hawzien,Debrebirhan
Tigray,Hawzien,Debrebirhan
Tigray,Hawzien,Debrebirhan
Tigray,Hawzien,Debrebirhan
Tigray,Hawzien,Debrebirhan
Tigray,Hawzien,Selam
Tigray,Hawzien,Selam
Tigray,Hawzien,Selam
Tigray,Hawzien,Selam
Tigray,Hawzien,Selam
Tigray,Hawzien,Selam
Tigray,Hawzien,Selam
Tigray,Hawzien,Selam
Tigray,Hawzien,Selam
Tigray,Hawzien,Selam
Tigray,Hawzien,Debreselam
Tigray,Hawzien,Debreselam
Tigray,Hawzien,Debreselam
Tigray,Hawzien,Debreselam
Tigray,Hawzien,Debreselam
Tigray,Hawzien,Debreselam
Tigray,Hawzien,Debreselam
Tigray,Hawzien,Debreselam
Tigray,Hawzien,Debreselam
Tigray,Hawzien,Debreselam
Tigray,Hawzien,Debreselam
Tigray,Hawzien,Debreselam
Tigray,Hawzien,Debreselam
Tigray,Hawzien,Debreselam
Tigray,Hawzien,Debreselam
Tigray,Hintalo Wajerat,Hareko
Tigray,Hintalo Wajerat,Hareko
Tigray,Hintalo Wajerat,Hareko
Tigray,Hintalo Wajerat,Hareko
Tigray,Hintalo Wajerat,Hareko
Tigray,Hintalo Wajerat,Hareko
Tigray,Hintalo Wajerat,Hareko
Tigray,Hintalo Wajerat,Hareko
Tigray,Hintalo Wajerat,Hareko
Tigray,Hintalo Wajerat,Hareko
Tigray,Hintalo Wajerat,Hareko
Tigray,Hintalo Wajerat,Hareko
Tigray,Hintalo Wajerat,Hareko
Tigray,Hintalo Wajerat,Hareko
Tigray,Hintalo Wajerat,Hareko
Tigray,Hawzien,Qoraro
Tigray,Hawzien,Qoraro
Tigray,Hawzien,Qoraro
Tigray,Hawzien,Qoraro
Tigray,Hawzien,Qoraro
Tigray,Hawzien,Qoraro
Tigray,Hawzien,Qoraro
Tigray,Hawzien,Qoraro
Tigray,Hawzien,Qoraro
Tigray,Hawzien,Qoraro
Tigray,Hawzien,Qoraro
Tigray,Hawzien,Qoraro
Tigray,Hawzien,Qoraro
Tigray,Hawzien,Qoraro
Tigray,Hawzien,Qoraro
Tigray,Tanqua-Abergele,Hadashtekli
Tigray,Tanqua-Abergele,Hadashtekli
Tigray,Tanqua-Abergele,Hadashtekli
Tigray,Tanqua-Abergele,Hadashtekli
Tigray,Tanqua-Abergele,Hadashtekli
Tigray,Tanqua-Abergele,Hadashtekli
Tigray,Tanqua-Abergele,Hadashtekli
Tigray,Tanqua-Abergele,Hadashtekli
Tigray,Tanqua-Abergele,Hadashtekli
Tigray,Tanqua-Abergele,Hadashtekli
Amhara,Ibinat,Mechena
Amhara,Ibinat,Mechena
Amhara,Ibinat,Mechena
Amhara,Ibinat,Mechena
Amhara,Ibinat,Mechena
Amhara,Ibinat,Mechena
Amhara,Ibinat,Mechena
Amhara,Ibinat,Mechena
Amhara,Ibinat,Mechena
Amhara,Ibinat,Mechena
Amhara,Ibinat,Mechena
Amhara,Ibinat,Mechena
Amhara,Ibinat,Mechena
Amhara,Ibinat,Mechena
Amhara,Ibinat,Mechena
Amhara,Ibinat,Ader Seg
Amhara,Ibinat,Ader Seg
Amhara,Ibinat,Ader Seg
Amhara,Ibinat,Ader Seg
Amhara,Ibinat,Ader Seg
Amhara,Ibinat,Ader Seg
Amhara,Ibinat,Ader Seg
Amhara,Ibinat,Ader Seg
Amhara,Ibinat,Ader Seg
Amhara,Ibinat,Ader Seg
Amhara,Ibinat,Ader Seg
Amhara,Ibinat,Ader Seg
Amhara,Ibinat,Ader Seg
Amhara,Ibinat,Ader Seg
Amhara,Ibinat,Ader Seg
Amhara,Ibinat,Tigage
Amhara,Ibinat,Tigage
Amhara,Ibinat,Tigage
Amhara,Ibinat,Tigage
Amhara,Ibinat,Tigage
Amhara,Ibinat,Tigage
Amhara,Ibinat,Tigage
Amhara,Ibinat,Tigage
Amhara,Ibinat,Tigage
Amhara,Ibinat,Tigage
Amhara,Ibinat,Tigage
Amhara,Ibinat,Tigage
Amhara,Ibinat,Tigage
Amhara,Ibinat,Tigage
Amhara,Ibinat,Tigage
Amhara,Ibinat,Amisetya
Amhara,Ibinat,Amisetya
Amhara,Ibinat,Amisetya
Amhara,Ibinat,Amisetya
Amhara,Ibinat,Amisetya
Amhara,Ibinat,Amisetya
Amhara,Ibinat,Amisetya
Amhara,Ibinat,Amisetya
Amhara,Ibinat,Amisetya
Amhara,Ibinat,Amisetya
Amhara,Ibinat,Amisetya
Amhara,Ibinat,Amisetya
Amhara,Ibinat,Amisetya
Amhara,Ibinat,Amisetya
Amhara,Ibinat,Amisetya
Amhara,Ibinat,Deber Aba Jale
Amhara,Ibinat,Deber Aba Jale
Amhara,Ibinat,Deber Aba Jale
Amhara,Ibinat,Deber Aba Jale
Amhara,Ibinat,Deber Aba Jale
Amhara,Ibinat,Deber Aba Jale
Amhara,Ibinat,Deber Aba Jale
Amhara,Ibinat,Deber Aba Jale
Amhara,Ibinat,Deber Aba Jale
Amhara,Ibinat,Deber Aba Jale
Amhara,Ibinat,Tara Senba
Amhara,Ibinat,Tara Senba
Amhara,Ibinat,Tara Senba
Amhara,Ibinat,Tara Senba
Amhara,Ibinat,Tara Senba
Amhara,Ibinat,Tara Senba
Amhara,Ibinat,Tara Senba
Amhara,Ibinat,Tara Senba
Amhara,Ibinat,Tara Senba
Amhara,Ibinat,Tara Senba
Amhara,Ibinat,Aqua Shumoch
Amhara,Ibinat,Aqua Shumoch
Amhara,Ibinat,Aqua Shumoch
Amhara,Ibinat,Aqua Shumoch
Amhara,Ibinat,Aqua Shumoch
Amhara,Ibinat,Aqua Shumoch
Amhara,Ibinat,Aqua Shumoch
Amhara,Ibinat,Aqua Shumoch
Amhara,Ibinat,Aqua Shumoch
Amhara,Ibinat,Aqua Shumoch
Amhara,Ibinat,Aqua Shumoch
Amhara,Ibinat,Aqua Shumoch
Amhara,Ibinat,Aqua Shumoch
Amhara,Ibinat,Aqua Shumoch
Amhara,Ibinat,Aqua Shumoch
Amhara,Ibinat,Niquara
Amhara,Ibinat,Niquara
Amhara,Ibinat,Niquara
Amhara,Ibinat,Niquara
Amhara,Ibinat,Niquara
Amhara,Ibinat,Niquara
Amhara,Ibinat,Niquara
Amhara,Ibinat,Niquara
Amhara,Ibinat,Niquara
Amhara,Ibinat,Niquara
Amhara,Ibinat,Niquara
Amhara,Ibinat,Niquara
Amhara,Ibinat,Niquara
Amhara,Ibinat,Niquara
Amhara,Ibinat,Niquara
Amhara,Ibinat,Jiman Deregeha
Amhara,Ibinat,Jiman Deregeha
Amhara,Ibinat,Jiman Deregeha
Amhara,Ibinat,Jiman Deregeha
Amhara,Ibinat,Jiman Deregeha
Amhara,Ibinat,Jiman Deregeha
Amhara,Ibinat,Jiman Deregeha
Amhara,Ibinat,Jiman Deregeha
Amhara,Ibinat,Jiman Deregeha
Amhara,Ibinat,Jiman Deregeha
Amhara,Ibinat,Abina
Amhara,Ibinat,Abina
Amhara,Ibinat,Abina
Amhara,Ibinat,Abina
Amhara,Ibinat,Abina
Amhara,Ibinat,Abina
Amhara,Ibinat,Abina
Amhara,Ibinat,Abina
Amhara,Ibinat,Abina
Amhara,Ibinat,Abina
Amhara,Ibinat,Abina
Amhara,Ibinat,Abina
Amhara,Ibinat,Abina
Amhara,Ibinat,Abina
Amhara,Ibinat,Abina
Tigray,Medebay-Zana,Deber kerbye
Tigray,Medebay-Zana,Deber kerbye
Tigray,Medebay-Zana,Deber kerbye
Tigray,Medebay-Zana,Deber kerbye
Tigray,Medebay-Zana,Deber kerbye
Tigray,Medebay-Zana,Deber kerbye
Tigray,Medebay-Zana,Deber kerbye
Tigray,Medebay-Zana,Deber kerbye
Tigray,Medebay-Zana,Deber kerbye
Tigray,Medebay-Zana,Deber kerbye
Amhara,Ibinat,Balarab
Amhara,Ibinat,Balarab
Amhara,Ibinat,Balarab
Amhara,Ibinat,Balarab
Amhara,Ibinat,Balarab
Amhara,Ibinat,Balarab
Amhara,Ibinat,Balarab
Amhara,Ibinat,Balarab
Amhara,Ibinat,Balarab
Amhara,Ibinat,Balarab
Amhara,Ibinat,Aquha
Amhara,Ibinat,Aquha
Amhara,Ibinat,Aquha
Amhara,Ibinat,Aquha
Amhara,Ibinat,Aquha
Amhara,Ibinat,Aquha
Amhara,Ibinat,Aquha
Amhara,Ibinat,Aquha
Amhara,Ibinat,Aquha
Amhara,Ibinat,Aquha
Amhara,Ibinat,Aquha
Amhara,Ibinat,Aquha
Amhara,Ibinat,Aquha
Amhara,Ibinat,Aquha
Amhara,Ibinat,Aquha
Amhara,Ibinat,Gela Matebiya
Amhara,Ibinat,Gela Matebiya
Amhara,Ibinat,Gela Matebiya
Amhara,Ibinat,Gela Matebiya
Amhara,Ibinat,Gela Matebiya
Amhara,Ibinat,Gela Matebiya
Amhara,Ibinat,Gela Matebiya
Amhara,Ibinat,Gela Matebiya
Amhara,Ibinat,Gela Matebiya
Amhara,Ibinat,Gela Matebiya
Amhara,Ibinat,Ziha
Amhara,Ibinat,Ziha
Amhara,Ibinat,Ziha
Amhara,Ibinat,Ziha
Amhara,Ibinat,Ziha
Amhara,Ibinat,Ziha
Amhara,Ibinat,Ziha
Amhara,Ibinat,Ziha
Amhara,Ibinat,Ziha
Amhara,Ibinat,Ziha
Amhara,Enesie Sar Midir,Debre-Kidusan09
Amhara,Enesie Sar Midir,Debre-Kidusan09
Amhara,Enesie Sar Midir,Debre-Kidusan09
Amhara,Enesie Sar Midir,Debre-Kidusan09
Amhara,Enesie Sar Midir,Debre-Kidusan09
Amhara,Enesie Sar Midir,Debre-Kidusan09
Amhara,Enesie Sar Midir,Debre-Kidusan09
Amhara,Enesie Sar Midir,Debre-Kidusan09
Amhara,Enesie Sar Midir,Debre-Kidusan09
Amhara,Enesie Sar Midir,Debre-Kidusan09
Amhara,Enesie Sar Midir,Debre-Kidusan09
Amhara,Enesie Sar Midir,Debre-Kidusan09
Amhara,Enesie Sar Midir,Debre-Kidusan09
Amhara,Enesie Sar Midir,Debre-Kidusan09
Amhara,Enesie Sar Midir,Debre-Kidusan09
Amhara,Libo Kemkem,Keregna
Amhara,Libo Kemkem,Keregna
Amhara,Libo Kemkem,Keregna
Amhara,Libo Kemkem,Keregna
Amhara,Libo Kemkem,Keregna
Amhara,Libo Kemkem,Keregna
Amhara,Libo Kemkem,Keregna
Amhara,Libo Kemkem,Keregna
Amhara,Libo Kemkem,Keregna
Amhara,Libo Kemkem,Keregna
Amhara,Libo Kemkem,Estifanos
Amhara,Libo Kemkem,Estifanos
Amhara,Libo Kemkem,Estifanos
Amhara,Libo Kemkem,Estifanos
Amhara,Libo Kemkem,Estifanos
Amhara,Libo Kemkem,Estifanos
Amhara,Libo Kemkem,Estifanos
Amhara,Libo Kemkem,Estifanos
Amhara,Libo Kemkem,Estifanos
Amhara,Libo Kemkem,Estifanos
Amhara,Libo Kemkem,Estifanos
Amhara,Libo Kemkem,Estifanos
Amhara,Libo Kemkem,Estifanos
Amhara,Libo Kemkem,Estifanos
Amhara,Libo Kemkem,Estifanos
Amhara,Libo Kemkem,Mitad
Amhara,Libo Kemkem,Mitad
Amhara,Libo Kemkem,Mitad
Amhara,Libo Kemkem,Mitad
Amhara,Libo Kemkem,Mitad
Amhara,Libo Kemkem,Mitad
Amhara,Libo Kemkem,Mitad
Amhara,Libo Kemkem,Mitad
Amhara,Libo Kemkem,Mitad
Amhara,Libo Kemkem,Mitad
Amhara,Libo Kemkem,Ginaza
Amhara,Libo Kemkem,Ginaza
Amhara,Libo Kemkem,Ginaza
Amhara,Libo Kemkem,Ginaza
Amhara,Libo Kemkem,Ginaza
Amhara,Libo Kemkem,Ginaza
Amhara,Libo Kemkem,Ginaza
Amhara,Libo Kemkem,Ginaza
Amhara,Libo Kemkem,Ginaza
Amhara,Libo Kemkem,Ginaza
Amhara,Libo Kemkem,Anigot
Amhara,Libo Kemkem,Anigot
Amhara,Libo Kemkem,Anigot
Amhara,Libo Kemkem,Anigot
Amhara,Libo Kemkem,Anigot
Amhara,Libo Kemkem,Anigot
Amhara,Libo Kemkem,Anigot
Amhara,Libo Kemkem,Anigot
Amhara,Libo Kemkem,Anigot
Amhara,Libo Kemkem,Anigot
Amhara,Libo Kemkem,Anigot
Amhara,Libo Kemkem,Anigot
Amhara,Libo Kemkem,Anigot
Amhara,Libo Kemkem,Anigot
Amhara,Libo Kemkem,Anigot
Amhara,Enesie Sar Midir,Goshedur-033-
Amhara,Enesie Sar Midir,Goshedur-033-
Amhara,Enesie Sar Midir,Goshedur-033-
Amhara,Enesie Sar Midir,Goshedur-033-
Amhara,Enesie Sar Midir,Goshedur-033-
Amhara,Enesie Sar Midir,Goshedur-033-
Amhara,Enesie Sar Midir,Goshedur-033-
Amhara,Enesie Sar Midir,Goshedur-033-
Amhara,Enesie Sar Midir,Goshedur-033-
Amhara,Enesie Sar Midir,Goshedur-033-
Amhara,Enesie Sar Midir,Lul-025-
Amhara,Enesie Sar Midir,Lul-025-
Amhara,Enesie Sar Midir,Lul-025-
Amhara,Enesie Sar Midir,Lul-025-
Amhara,Enesie Sar Midir,Lul-025-
Amhara,Enesie Sar Midir,Lul-025-
Amhara,Enesie Sar Midir,Lul-025-
Amhara,Enesie Sar Midir,Lul-025-
Amhara,Enesie Sar Midir,Lul-025-
Amhara,Enesie Sar Midir,Lul-025-
Amhara,Enesie Sar Midir,Lul-025-
Amhara,Enesie Sar Midir,Lul-025-
Amhara,Enesie Sar Midir,Lul-025-
Amhara,Enesie Sar Midir,Lul-025-
Amhara,Enesie Sar Midir,Lul-025-
Amhara,Enesie Sar Midir,Yetefet-021-
Amhara,Enesie Sar Midir,Yetefet-021-
Amhara,Enesie Sar Midir,Yetefet-021-
Amhara,Enesie Sar Midir,Yetefet-021-
Amhara,Enesie Sar Midir,Yetefet-021-
Amhara,Enesie Sar Midir,Yetefet-021-
Amhara,Enesie Sar Midir,Yetefet-021-
Amhara,Enesie Sar Midir,Yetefet-021-
Amhara,Enesie Sar Midir,Yetefet-021-
Amhara,Enesie Sar Midir,Yetefet-021-
Amhara,Enesie Sar Midir,Yetefet-021-
Amhara,Enesie Sar Midir,Yetefet-021-
Amhara,Enesie Sar Midir,Yetefet-021-
Amhara,Enesie Sar Midir,Yetefet-021-
Amhara,Enesie Sar Midir,Yetefet-021-
Amhara,Enesie Sar Midir,HagereSelam-016-
Amhara,Enesie Sar Midir,HagereSelam-016-
Amhara,Enesie Sar Midir,HagereSelam-016-
Amhara,Enesie Sar Midir,HagereSelam-016-
Amhara,Enesie Sar Midir,HagereSelam-016-
Amhara,Enesie Sar Midir,HagereSelam-016-
Amhara,Enesie Sar Midir,HagereSelam-016-
Amhara,Enesie Sar Midir,HagereSelam-016-
Amhara,Enesie Sar Midir,HagereSelam-016-
Amhara,Enesie Sar Midir,HagereSelam-016-
Amhara,Enesie Sar Midir,HagereSelam-016-
Amhara,Enesie Sar Midir,HagereSelam-016-
Amhara,Enesie Sar Midir,HagereSelam-016-
Amhara,Enesie Sar Midir,HagereSelam-016-
Amhara,Enesie Sar Midir,HagereSelam-016-
Amhara,Shebel Berenta,Abrekuy
Amhara,Shebel Berenta,Abrekuy
Amhara,Shebel Berenta,Abrekuy
Amhara,Shebel Berenta,Abrekuy
Amhara,Shebel Berenta,Abrekuy
Amhara,Shebel Berenta,Abrekuy
Amhara,Shebel Berenta,Abrekuy
Amhara,Shebel Berenta,Abrekuy
Amhara,Shebel Berenta,Abrekuy
Amhara,Shebel Berenta,Abrekuy
Amhara,Shebel Berenta,Abrekuy
Amhara,Shebel Berenta,Abrekuy
Amhara,Shebel Berenta,Abrekuy
Amhara,Shebel Berenta,Abrekuy
Amhara,Shebel Berenta,Abrekuy
Amhara,Enesie Sar Midir,Zobar-Yikuanda-028-
Amhara,Enesie Sar Midir,Zobar-Yikuanda-028-
Amhara,Enesie Sar Midir,Zobar-Yikuanda-028-
Amhara,Enesie Sar Midir,Zobar-Yikuanda-028-
Amhara,Enesie Sar Midir,Zobar-Yikuanda-028-
Amhara,Enesie Sar Midir,Zobar-Yikuanda-028-
Amhara,Enesie Sar Midir,Zobar-Yikuanda-028-
Amhara,Enesie Sar Midir,Zobar-Yikuanda-028-
Amhara,Enesie Sar Midir,Zobar-Yikuanda-028-
Amhara,Enesie Sar Midir,Zobar-Yikuanda-028-
Amhara,Enesie Sar Midir,Zobar-Yikuanda-028-
Amhara,Enesie Sar Midir,Zobar-Yikuanda-028-
Amhara,Enesie Sar Midir,Zobar-Yikuanda-028-
Amhara,Enesie Sar Midir,Zobar-Yikuanda-028-
Amhara,Enesie Sar Midir,Zobar-Yikuanda-028-
Amhara,Shebel Berenta,Mozen
Amhara,Shebel Berenta,Mozen
Amhara,Shebel Berenta,Mozen
Amhara,Shebel Berenta,Mozen
Amhara,Shebel Berenta,Mozen
Amhara,Shebel Berenta,Mozen
Amhara,Shebel Berenta,Mozen
Amhara,Shebel Berenta,Mozen
Amhara,Shebel Berenta,Mozen
Amhara,Shebel Berenta,Mozen
Amhara,Shebel Berenta,Mozen
Amhara,Shebel Berenta,Mozen
Amhara,Shebel Berenta,Mozen
Amhara,Shebel Berenta,Mozen
Amhara,Shebel Berenta,Mozen
Amhara,Enesie Sar Midir,Debremawie-017-
Amhara,Enesie Sar Midir,Debremawie-017-
Amhara,Enesie Sar Midir,Debremawie-017-
Amhara,Enesie Sar Midir,Debremawie-017-
Amhara,Enesie Sar Midir,Debremawie-017-
Amhara,Enesie Sar Midir,Debremawie-017-
Amhara,Enesie Sar Midir,Debremawie-017-
Amhara,Enesie Sar Midir,Debremawie-017-
Amhara,Enesie Sar Midir,Debremawie-017-
Amhara,Enesie Sar Midir,Debremawie-017-
Amhara,Enesie Sar Midir,HagereGenet-010-
Amhara,Enesie Sar Midir,HagereGenet-010-
Amhara,Enesie Sar Midir,HagereGenet-010-
Amhara,Enesie Sar Midir,HagereGenet-010-
Amhara,Enesie Sar Midir,HagereGenet-010-
Amhara,Enesie Sar Midir,HagereGenet-010-
Amhara,Enesie Sar Midir,HagereGenet-010-
Amhara,Enesie Sar Midir,HagereGenet-010-
Amhara,Enesie Sar Midir,HagereGenet-010-
Amhara,Enesie Sar Midir,HagereGenet-010-
Amhara,Enesie Sar Midir,HagereGenet-010-
Amhara,Enesie Sar Midir,HagereGenet-010-
Amhara,Enesie Sar Midir,HagereGenet-010-
Amhara,Enesie Sar Midir,HagereGenet-010-
Amhara,Enesie Sar Midir,HagereGenet-010-
Amhara,Enesie Sar Midir,Worya-Meskel-032-
Amhara,Enesie Sar Midir,Worya-Meskel-032-
Amhara,Enesie Sar Midir,Worya-Meskel-032-
Amhara,Enesie Sar Midir,Worya-Meskel-032-
Amhara,Enesie Sar Midir,Worya-Meskel-032-
Amhara,Enesie Sar Midir,Worya-Meskel-032-
Amhara,Enesie Sar Midir,Worya-Meskel-032-
Amhara,Enesie Sar Midir,Worya-Meskel-032-
Amhara,Enesie Sar Midir,Worya-Meskel-032-
Amhara,Enesie Sar Midir,Worya-Meskel-032-
Amhara,Enesie Sar Midir,Worya-Meskel-032-
Amhara,Enesie Sar Midir,Worya-Meskel-032-
Amhara,Enesie Sar Midir,Worya-Meskel-032-
Amhara,Enesie Sar Midir,Worya-Meskel-032-
Amhara,Enesie Sar Midir,Worya-Meskel-032-
Amhara,Ibinat,Selamaya
Amhara,Ibinat,Selamaya
Amhara,Ibinat,Selamaya
Amhara,Ibinat,Selamaya
Amhara,Ibinat,Selamaya
Amhara,Ibinat,Selamaya
Amhara,Ibinat,Selamaya
Amhara,Ibinat,Selamaya
Amhara,Ibinat,Selamaya
Amhara,Ibinat,Selamaya
Amhara,Ibinat,Selamaya
Amhara,Ibinat,Selamaya
Amhara,Ibinat,Selamaya
Amhara,Ibinat,Selamaya
Amhara,Ibinat,Selamaya
Amhara,Shebel Berenta,Yedwuha
Amhara,Shebel Berenta,Yedwuha
Amhara,Shebel Berenta,Yedwuha
Amhara,Shebel Berenta,Yedwuha
Amhara,Shebel Berenta,Yedwuha
Amhara,Shebel Berenta,Yedwuha
Amhara,Shebel Berenta,Yedwuha
Amhara,Shebel Berenta,Yedwuha
Amhara,Shebel Berenta,Yedwuha
Amhara,Shebel Berenta,Yedwuha
Amhara,Shebel Berenta,Yedwuha
Amhara,Shebel Berenta,Yedwuha
Amhara,Shebel Berenta,Yedwuha
Amhara,Shebel Berenta,Yedwuha
Amhara,Shebel Berenta,Yedwuha
Amhara,Enesie Sar Midir,Melabesh-015-
Amhara,Enesie Sar Midir,Melabesh-015-
Amhara,Enesie Sar Midir,Melabesh-015-
Amhara,Enesie Sar Midir,Melabesh-015-
Amhara,Enesie Sar Midir,Melabesh-015-
Amhara,Enesie Sar Midir,Melabesh-015-
Amhara,Enesie Sar Midir,Melabesh-015-
Amhara,Enesie Sar Midir,Melabesh-015-
Amhara,Enesie Sar Midir,Melabesh-015-
Amhara,Enesie Sar Midir,Melabesh-015-
Amhara,Enesie Sar Midir,Melabesh-015-
Amhara,Enesie Sar Midir,Melabesh-015-
Amhara,Enesie Sar Midir,Melabesh-015-
Amhara,Enesie Sar Midir,Melabesh-015-
Amhara,Enesie Sar Midir,Melabesh-015-
Amhara,Shebel Berenta,Wobo
Amhara,Shebel Berenta,Wobo
Amhara,Shebel Berenta,Wobo
Amhara,Shebel Berenta,Wobo
Amhara,Shebel Berenta,Wobo
Amhara,Shebel Berenta,Wobo
Amhara,Shebel Berenta,Wobo
Amhara,Shebel Berenta,Wobo
Amhara,Shebel Berenta,Wobo
Amhara,Shebel Berenta,Wobo
Amhara,Shebel Berenta,Wobo
Amhara,Shebel Berenta,Wobo
Amhara,Shebel Berenta,Wobo
Amhara,Shebel Berenta,Wobo
Amhara,Shebel Berenta,Wobo
Amhara,Enesie Sar Midir,Adisalem-020-
Amhara,Enesie Sar Midir,Adisalem-020-
Amhara,Enesie Sar Midir,Adisalem-020-
Amhara,Enesie Sar Midir,Adisalem-020-
Amhara,Enesie Sar Midir,Adisalem-020-
Amhara,Enesie Sar Midir,Adisalem-020-
Amhara,Enesie Sar Midir,Adisalem-020-
Amhara,Enesie Sar Midir,Adisalem-020-
Amhara,Enesie Sar Midir,Adisalem-020-
Amhara,Enesie Sar Midir,Adisalem-020-
Amhara,Enesie Sar Midir,Adisalem-020-
Amhara,Enesie Sar Midir,Adisalem-020-
Amhara,Enesie Sar Midir,Adisalem-020-
Amhara,Enesie Sar Midir,Adisalem-020-
Amhara,Enesie Sar Midir,Adisalem-020-
Amhara,Enesie Sar Midir,Debre-Genet-018-
Amhara,Enesie Sar Midir,Debre-Genet-018-
Amhara,Enesie Sar Midir,Debre-Genet-018-
Amhara,Enesie Sar Midir,Debre-Genet-018-
Amhara,Enesie Sar Midir,Debre-Genet-018-
Amhara,Enesie Sar Midir,Debre-Genet-018-
Amhara,Enesie Sar Midir,Debre-Genet-018-
Amhara,Enesie Sar Midir,Debre-Genet-018-
Amhara,Enesie Sar Midir,Debre-Genet-018-
Amhara,Enesie Sar Midir,Debre-Genet-018-
Amhara,Enesie Sar Midir,Debre-Genet-018-
Amhara,Enesie Sar Midir,Debre-Genet-018-
Amhara,Enesie Sar Midir,Debre-Genet-018-
Amhara,Enesie Sar Midir,Debre-Genet-018-
Amhara,Enesie Sar Midir,Debre-Genet-018-
Amhara,Shebel Berenta,Mergech
Amhara,Shebel Berenta,Mergech
Amhara,Shebel Berenta,Mergech
Amhara,Shebel Berenta,Mergech
Amhara,Shebel Berenta,Mergech
Amhara,Shebel Berenta,Mergech
Amhara,Shebel Berenta,Mergech
Amhara,Shebel Berenta,Mergech
Amhara,Shebel Berenta,Mergech
Amhara,Shebel Berenta,Mergech
Amhara,Shebel Berenta,Mergech
Amhara,Shebel Berenta,Mergech
Amhara,Shebel Berenta,Mergech
Amhara,Shebel Berenta,Mergech
Amhara,Shebel Berenta,Mergech
Amhara,Shebel Berenta,Abaselima
Amhara,Shebel Berenta,Abaselima
Amhara,Shebel Berenta,Abaselima
Amhara,Shebel Berenta,Abaselima
Amhara,Shebel Berenta,Abaselima
Amhara,Shebel Berenta,Abaselima
Amhara,Shebel Berenta,Abaselima
Amhara,Shebel Berenta,Abaselima
Amhara,Shebel Berenta,Abaselima
Amhara,Shebel Berenta,Abaselima
Amhara,Shebel Berenta,Abaselima
Amhara,Shebel Berenta,Abaselima
Amhara,Shebel Berenta,Abaselima
Amhara,Shebel Berenta,Abaselima
Amhara,Shebel Berenta,Abaselima
Amhara,Enesie Sar Midir,Felegehiwot-022-
Amhara,Enesie Sar Midir,Felegehiwot-022-
Amhara,Enesie Sar Midir,Felegehiwot-022-
Amhara,Enesie Sar Midir,Felegehiwot-022-
Amhara,Enesie Sar Midir,Felegehiwot-022-
Amhara,Enesie Sar Midir,Felegehiwot-022-
Amhara,Enesie Sar Midir,Felegehiwot-022-
Amhara,Enesie Sar Midir,Felegehiwot-022-
Amhara,Enesie Sar Midir,Felegehiwot-022-
Amhara,Enesie Sar Midir,Felegehiwot-022-
Amhara,Libo Kemkem,Agid
Amhara,Libo Kemkem,Agid
Amhara,Libo Kemkem,Agid
Amhara,Libo Kemkem,Agid
Amhara,Libo Kemkem,Agid
Amhara,Libo Kemkem,Agid
Amhara,Libo Kemkem,Agid
Amhara,Libo Kemkem,Agid
Amhara,Libo Kemkem,Agid
Amhara,Libo Kemkem,Agid
Amhara,Libo Kemkem,Agid
Amhara,Libo Kemkem,Agid
Amhara,Libo Kemkem,Agid
Amhara,Libo Kemkem,Agid
Amhara,Libo Kemkem,Agid
Amhara,Ibinat,Serawudi
Amhara,Ibinat,Serawudi
Amhara,Ibinat,Serawudi
Amhara,Ibinat,Serawudi
Amhara,Ibinat,Serawudi
Amhara,Ibinat,Serawudi
Amhara,Ibinat,Serawudi
Amhara,Ibinat,Serawudi
Amhara,Ibinat,Serawudi
Amhara,Ibinat,Serawudi
Amhara,Ibinat,Serawudi
Amhara,Ibinat,Serawudi
Amhara,Ibinat,Serawudi
Amhara,Ibinat,Serawudi
Amhara,Ibinat,Serawudi
Tigray,Werieleke,Tsae
Tigray,Werieleke,Tsae
Tigray,Werieleke,Tsae
Tigray,Werieleke,Tsae
Tigray,Werieleke,Tsae
Tigray,Werieleke,Tsae
Tigray,Werieleke,Tsae
Tigray,Werieleke,Tsae
Tigray,Werieleke,Tsae
Tigray,Werieleke,Tsae
Tigray,Werieleke,Tsae
Tigray,Werieleke,Tsae
Tigray,Werieleke,Tsae
Tigray,Werieleke,Tsae
Tigray,Werieleke,Tsae
Tigray,Werieleke,Misema
Tigray,Werieleke,Misema
Tigray,Werieleke,Misema
Tigray,Werieleke,Misema
Tigray,Werieleke,Misema
Tigray,Werieleke,Misema
Tigray,Werieleke,Misema
Tigray,Werieleke,Misema
Tigray,Werieleke,Misema
Tigray,Werieleke,Misema
Tigray,Werieleke,Misema
Tigray,Werieleke,Misema
Tigray,Werieleke,Misema
Tigray,Werieleke,Misema
Tigray,Werieleke,Misema
Tigray,Werieleke,May-Nebri
Tigray,Werieleke,May-Nebri
Tigray,Werieleke,May-Nebri
Tigray,Werieleke,May-Nebri
Tigray,Werieleke,May-Nebri
Tigray,Werieleke,May-Nebri
Tigray,Werieleke,May-Nebri
Tigray,Werieleke,May-Nebri
Tigray,Werieleke,May-Nebri
Tigray,Werieleke,May-Nebri
Tigray,Werieleke,May-Nebri
Tigray,Werieleke,May-Nebri
Tigray,Werieleke,May-Nebri
Tigray,Werieleke,May-Nebri
Tigray,Werieleke,May-Nebri
Tigray,Werieleke,Arena
Tigray,Werieleke,Arena
Tigray,Werieleke,Arena
Tigray,Werieleke,Arena
Tigray,Werieleke,Arena
Tigray,Werieleke,Arena
Tigray,Werieleke,Arena
Tigray,Werieleke,Arena
Tigray,Werieleke,Arena
Tigray,Werieleke,Arena
Tigray,Werieleke,Arena
Tigray,Werieleke,Arena
Tigray,Werieleke,Arena
Tigray,Werieleke,Arena
Tigray,Werieleke,Arena
Tigray,Werieleke,May-Chekemte
Tigray,Werieleke,May-Chekemte
Tigray,Werieleke,May-Chekemte
Tigray,Werieleke,May-Chekemte
Tigray,Werieleke,May-Chekemte
Tigray,Werieleke,May-Chekemte
Tigray,Werieleke,May-Chekemte
Tigray,Werieleke,May-Chekemte
Tigray,Werieleke,May-Chekemte
Tigray,Werieleke,May-Chekemte
Tigray,Werieleke,May-Chekemte
Tigray,Werieleke,May-Chekemte
Tigray,Werieleke,May-Chekemte
Tigray,Werieleke,May-Chekemte
Tigray,Werieleke,May-Chekemte
Amhara,Shebel Berenta,Woynye
Amhara,Shebel Berenta,Woynye
Amhara,Shebel Berenta,Woynye
Amhara,Shebel Berenta,Woynye
Amhara,Shebel Berenta,Woynye
Amhara,Shebel Berenta,Woynye
Amhara,Shebel Berenta,Woynye
Amhara,Shebel Berenta,Woynye
Amhara,Shebel Berenta,Woynye
Amhara,Shebel Berenta,Woynye
Amhara,Shebel Berenta,Woynye
Amhara,Shebel Berenta,Woynye
Amhara,Shebel Berenta,Woynye
Amhara,Shebel Berenta,Woynye
Amhara,Shebel Berenta,Woynye
Amhara,Shebel Berenta,Woynye
Amhara,Shebel Berenta,Woynye
Amhara,Shebel Berenta,Woynye
Amhara,Shebel Berenta,Woynye
Amhara,Shebel Berenta,Woynye
Amhara,Libo Kemkem,Birkutea
Amhara,Libo Kemkem,Birkutea
Amhara,Libo Kemkem,Birkutea
Amhara,Libo Kemkem,Birkutea
Amhara,Libo Kemkem,Birkutea
Amhara,Libo Kemkem,Birkutea
Amhara,Libo Kemkem,Birkutea
Amhara,Libo Kemkem,Birkutea
Amhara,Libo Kemkem,Birkutea
Amhara,Libo Kemkem,Birkutea
Amhara,Libo Kemkem,Birkutea
Amhara,Libo Kemkem,Birkutea
Amhara,Libo Kemkem,Birkutea
Amhara,Libo Kemkem,Birkutea
Amhara,Libo Kemkem,Birkutea
Amhara,Ibinat,Wariba
Amhara,Ibinat,Wariba
Amhara,Ibinat,Wariba
Amhara,Ibinat,Wariba
Amhara,Ibinat,Wariba
Amhara,Ibinat,Wariba
Amhara,Ibinat,Wariba
Amhara,Ibinat,Wariba
Amhara,Ibinat,Wariba
Amhara,Ibinat,Wariba
Amhara,Ibinat,Wariba
Amhara,Ibinat,Wariba
Amhara,Ibinat,Wariba
Amhara,Ibinat,Wariba
Amhara,Ibinat,Wariba
Amhara,Ibinat,Wonberoch
Amhara,Ibinat,Wonberoch
Amhara,Ibinat,Wonberoch
Amhara,Ibinat,Wonberoch
Amhara,Ibinat,Wonberoch
Amhara,Ibinat,Wonberoch
Amhara,Ibinat,Wonberoch
Amhara,Ibinat,Wonberoch
Amhara,Ibinat,Wonberoch
Amhara,Ibinat,Wonberoch
Amhara,Ibinat,Wonberoch
Amhara,Ibinat,Wonberoch
Amhara,Ibinat,Wonberoch
Amhara,Ibinat,Wonberoch
Amhara,Ibinat,Wonberoch
Amhara,Ibinat,Worgaja wagi
Amhara,Ibinat,Worgaja wagi
Amhara,Ibinat,Worgaja wagi
Amhara,Ibinat,Worgaja wagi
Amhara,Ibinat,Worgaja wagi
Amhara,Ibinat,Worgaja wagi
Amhara,Ibinat,Worgaja wagi
Amhara,Ibinat,Worgaja wagi
Amhara,Ibinat,Worgaja wagi
Amhara,Ibinat,Worgaja wagi
Amhara,Ibinat,Worgaja wagi
Amhara,Ibinat,Worgaja wagi
Amhara,Ibinat,Worgaja wagi
Amhara,Ibinat,Worgaja wagi
Amhara,Ibinat,Worgaja wagi
Amhara,Ibinat,Burkoche
Amhara,Ibinat,Burkoche
Amhara,Ibinat,Burkoche
Amhara,Ibinat,Burkoche
Amhara,Ibinat,Burkoche
Amhara,Ibinat,Burkoche
Amhara,Ibinat,Burkoche
Amhara,Ibinat,Burkoche
Amhara,Ibinat,Burkoche
Amhara,Ibinat,Burkoche
Amhara,Shebel Berenta,Suha
Amhara,Shebel Berenta,Suha
Amhara,Shebel Berenta,Suha
Amhara,Shebel Berenta,Suha
Amhara,Shebel Berenta,Suha
Amhara,Shebel Berenta,Suha
Amhara,Shebel Berenta,Suha
Amhara,Shebel Berenta,Suha
Amhara,Shebel Berenta,Suha
Amhara,Shebel Berenta,Suha
Amhara,Shebel Berenta,Suha
Amhara,Shebel Berenta,Suha
Amhara,Shebel Berenta,Suha
Amhara,Shebel Berenta,Suha
Amhara,Shebel Berenta,Suha
Amhara,Ibinat,Embacheko Gunaguna
Amhara,Ibinat,Embacheko Gunaguna
Amhara,Ibinat,Embacheko Gunaguna
Amhara,Ibinat,Embacheko Gunaguna
Amhara,Ibinat,Embacheko Gunaguna
Amhara,Ibinat,Embacheko Gunaguna
Amhara,Ibinat,Embacheko Gunaguna
Amhara,Ibinat,Embacheko Gunaguna
Amhara,Ibinat,Embacheko Gunaguna
Amhara,Ibinat,Embacheko Gunaguna
Amhara,Enesie Sar Midir,Zihon-Huha-014-
Amhara,Enesie Sar Midir,Zihon-Huha-014-
Amhara,Enesie Sar Midir,Zihon-Huha-014-
Amhara,Enesie Sar Midir,Zihon-Huha-014-
Amhara,Enesie Sar Midir,Zihon-Huha-014-
Amhara,Enesie Sar Midir,Zihon-Huha-014-
Amhara,Enesie Sar Midir,Zihon-Huha-014-
Amhara,Enesie Sar Midir,Zihon-Huha-014-
Amhara,Enesie Sar Midir,Zihon-Huha-014-
Amhara,Enesie Sar Midir,Zihon-Huha-014-
Amhara,Enesie Sar Midir,Zihon-Huha-014-
Amhara,Enesie Sar Midir,Zihon-Huha-014-
Amhara,Enesie Sar Midir,Zihon-Huha-014-
Amhara,Enesie Sar Midir,Zihon-Huha-014-
Amhara,Enesie Sar Midir,Zihon-Huha-014-
Amhara,Enesie Sar Midir,Dembeza-019-Amba Lay
Amhara,Enesie Sar Midir,Dembeza-019-Amba Lay
Amhara,Enesie Sar Midir,Dembeza-019-Amba Lay
Amhara,Enesie Sar Midir,Dembeza-019-Amba Lay
Amhara,Enesie Sar Midir,Dembeza-019-Amba Lay
Amhara,Enesie Sar Midir,Dembeza-019-Amba Lay
Amhara,Enesie Sar Midir,Dembeza-019-Amba Lay
Amhara,Enesie Sar Midir,Dembeza-019-Amba Lay
Amhara,Enesie Sar Midir,Dembeza-019-Amba Lay
Amhara,Enesie Sar Midir,Dembeza-019-Amba Lay
Amhara,Enesie Sar Midir,Dembeza-019-Amba Lay
Amhara,Enesie Sar Midir,Dembeza-019-Amba Lay
Amhara,Enesie Sar Midir,Dembeza-019-Amba Lay
Amhara,Enesie Sar Midir,Dembeza-019-Amba Lay
Amhara,Enesie Sar Midir,Dembeza-019-Amba Lay
Amhara,Enesie Sar Midir,Berlay-034-
Amhara,Enesie Sar Midir,Berlay-034-
Amhara,Enesie Sar Midir,Berlay-034-
Amhara,Enesie Sar Midir,Berlay-034-
Amhara,Enesie Sar Midir,Berlay-034-
Amhara,Enesie Sar Midir,Berlay-034-
Amhara,Enesie Sar Midir,Berlay-034-
Amhara,Enesie Sar Midir,Berlay-034-
Amhara,Enesie Sar Midir,Berlay-034-
Amhara,Enesie Sar Midir,Berlay-034-
Amhara,Enesie Sar Midir,Berlay-034-
Amhara,Enesie Sar Midir,Berlay-034-
Amhara,Enesie Sar Midir,Berlay-034-
Amhara,Enesie Sar Midir,Berlay-034-
Amhara,Enesie Sar Midir,Berlay-034-
Amhara,Shebel Berenta,Yeju
Amhara,Shebel Berenta,Yeju
Amhara,Shebel Berenta,Yeju
Amhara,Shebel Berenta,Yeju
Amhara,Shebel Berenta,Yeju
Amhara,Shebel Berenta,Yeju
Amhara,Shebel Berenta,Yeju
Amhara,Shebel Berenta,Yeju
Amhara,Shebel Berenta,Yeju
Amhara,Shebel Berenta,Yeju
Amhara,Shebel Berenta,Worego
Amhara,Shebel Berenta,Worego
Amhara,Shebel Berenta,Worego
Amhara,Shebel Berenta,Worego
Amhara,Shebel Berenta,Worego
Amhara,Shebel Berenta,Worego
Amhara,Shebel Berenta,Worego
Amhara,Shebel Berenta,Worego
Amhara,Shebel Berenta,Worego
Amhara,Shebel Berenta,Worego
Amhara,Shebel Berenta,Selelkula
Amhara,Shebel Berenta,Selelkula
Amhara,Shebel Berenta,Selelkula
Amhara,Shebel Berenta,Selelkula
Amhara,Shebel Berenta,Selelkula
Amhara,Shebel Berenta,Selelkula
Amhara,Shebel Berenta,Selelkula
Amhara,Shebel Berenta,Selelkula
Amhara,Shebel Berenta,Selelkula
Amhara,Shebel Berenta,Selelkula
Amhara,Shebel Berenta,Selelkula
Amhara,Shebel Berenta,Selelkula
Amhara,Shebel Berenta,Selelkula
Amhara,Shebel Berenta,Selelkula
Amhara,Shebel Berenta,Selelkula
Amhara,Shebel Berenta,Ledy
Amhara,Shebel Berenta,Ledy
Amhara,Shebel Berenta,Ledy
Amhara,Shebel Berenta,Ledy
Amhara,Shebel Berenta,Ledy
Amhara,Shebel Berenta,Ledy
Amhara,Shebel Berenta,Ledy
Amhara,Shebel Berenta,Ledy
Amhara,Shebel Berenta,Ledy
Amhara,Shebel Berenta,Ledy
Amhara,Shebel Berenta,Ledy
Amhara,Shebel Berenta,Ledy
Amhara,Shebel Berenta,Ledy
Amhara,Shebel Berenta,Ledy
Amhara,Shebel Berenta,Ledy
Amhara,Shebel Berenta,Gebsit
Amhara,Shebel Berenta,Gebsit
Amhara,Shebel Berenta,Gebsit
Amhara,Shebel Berenta,Gebsit
Amhara,Shebel Berenta,Gebsit
Amhara,Shebel Berenta,Gebsit
Amhara,Shebel Berenta,Gebsit
Amhara,Shebel Berenta,Gebsit
Amhara,Shebel Berenta,Gebsit
Amhara,Shebel Berenta,Gebsit
Amhara,Shebel Berenta,Gebsit
Amhara,Shebel Berenta,Gebsit
Amhara,Shebel Berenta,Gebsit
Amhara,Shebel Berenta,Gebsit
Amhara,Shebel Berenta,Gebsit
Amhara,Ibinat,Shunge
Amhara,Ibinat,Shunge
Amhara,Ibinat,Shunge
Amhara,Ibinat,Shunge
Amhara,Ibinat,Shunge
Amhara,Ibinat,Shunge
Amhara,Ibinat,Shunge
Amhara,Ibinat,Shunge
Amhara,Ibinat,Shunge
Amhara,Ibinat,Shunge
Amhara,Shebel Berenta,Ansheb
Amhara,Shebel Berenta,Ansheb
Amhara,Shebel Berenta,Ansheb
Amhara,Shebel Berenta,Ansheb
Amhara,Shebel Berenta,Ansheb
Amhara,Shebel Berenta,Ansheb
Amhara,Shebel Berenta,Ansheb
Amhara,Shebel Berenta,Ansheb
Amhara,Shebel Berenta,Ansheb
Amhara,Shebel Berenta,Ansheb
Amhara,Shebel Berenta,Ansheb
Amhara,Shebel Berenta,Ansheb
Amhara,Shebel Berenta,Ansheb
Amhara,Shebel Berenta,Ansheb
Amhara,Shebel Berenta,Ansheb
Amhara,Shebel Berenta,Gedayasu
Amhara,Shebel Berenta,Gedayasu
Amhara,Shebel Berenta,Gedayasu
Amhara,Shebel Berenta,Gedayasu
Amhara,Shebel Berenta,Gedayasu
Amhara,Shebel Berenta,Gedayasu
Amhara,Shebel Berenta,Gedayasu
Amhara,Shebel Berenta,Gedayasu
Amhara,Shebel Berenta,Gedayasu
Amhara,Shebel Berenta,Gedayasu
Amhara,Shebel Berenta,Gedayasu
Amhara,Shebel Berenta,Gedayasu
Amhara,Shebel Berenta,Gedayasu
Amhara,Shebel Berenta,Gedayasu
Amhara,Shebel Berenta,Gedayasu
Amhara,Goncha Siso Enesie,Filatako
Amhara,Goncha Siso Enesie,Filatako
Amhara,Goncha Siso Enesie,Filatako
Amhara,Goncha Siso Enesie,Filatako
Amhara,Goncha Siso Enesie,Filatako
Amhara,Goncha Siso Enesie,Filatako
Amhara,Goncha Siso Enesie,Filatako
Amhara,Goncha Siso Enesie,Filatako
Amhara,Goncha Siso Enesie,Filatako
Amhara,Goncha Siso Enesie,Filatako
Amhara,Goncha Siso Enesie,Filatako
Amhara,Goncha Siso Enesie,Filatako
Amhara,Goncha Siso Enesie,Filatako
Amhara,Goncha Siso Enesie,Filatako
Amhara,Goncha Siso Enesie,Filatako
Amhara,Goncha Siso Enesie,Abarwuha
Amhara,Goncha Siso Enesie,Abarwuha
Amhara,Goncha Siso Enesie,Abarwuha
Amhara,Goncha Siso Enesie,Abarwuha
Amhara,Goncha Siso Enesie,Abarwuha
Amhara,Goncha Siso Enesie,Abarwuha
Amhara,Goncha Siso Enesie,Abarwuha
Amhara,Goncha Siso Enesie,Abarwuha
Amhara,Goncha Siso Enesie,Abarwuha
Amhara,Goncha Siso Enesie,Abarwuha
Amhara,Goncha Siso Enesie,Abarwuha
Amhara,Goncha Siso Enesie,Abarwuha
Amhara,Goncha Siso Enesie,Abarwuha
Amhara,Goncha Siso Enesie,Abarwuha
Amhara,Goncha Siso Enesie,Abarwuha
Amhara,Ibinat,Jiman Deregeha
Amhara,Ibinat,Jiman Deregeha
Amhara,Ibinat,Jiman Deregeha
Amhara,Ibinat,Jiman Deregeha
Amhara,Ibinat,Jiman Deregeha
Amhara,Ibinat,Jiman Deregeha
Amhara,Ibinat,Jiman Deregeha
Amhara,Ibinat,Jiman Deregeha
Amhara,Ibinat,Jiman Deregeha
Amhara,Ibinat,Jiman Deregeha
Amhara,Goncha Siso Enesie,Derit
Amhara,Goncha Siso Enesie,Derit
Amhara,Goncha Siso Enesie,Derit
Amhara,Goncha Siso Enesie,Derit
Amhara,Goncha Siso Enesie,Derit
Amhara,Goncha Siso Enesie,Derit
Amhara,Goncha Siso Enesie,Derit
Amhara,Goncha Siso Enesie,Derit
Amhara,Goncha Siso Enesie,Derit
Amhara,Goncha Siso Enesie,Derit
Amhara,Goncha Siso Enesie,Derit
Amhara,Goncha Siso Enesie,Derit
Amhara,Goncha Siso Enesie,Derit
Amhara,Goncha Siso Enesie,Derit
Amhara,Goncha Siso Enesie,Derit
